nomclient,venteestimesupport2021,venteestimesupport2022,venteestimesupport2023,ventehorssupport2021,ventehorssupport2022,ventehorssupport2023,ventehorssupport202,dealconclusupport,VenteConclusupport2021,VenteConclusupport2022,VenteConclusupport2023,Upsale,Crossale,Nombre_Employe,OpenDeals,Secteur_Activite,DealConclu2021,DealConclu2022,DealConclu2023,Moved,Technologie,Support2023,annéedernierContact,moisdernierContact,annéeCreation,moisCreation,Support02021,nbredealsupport02021,Support02022,nbredealsupport02022,Support02023,nbredealsupport02023,Support12021,nbredealsupport12021,Support12022,nbredealsupport12022,Support12023,nbredealsupport12023,Support22021,nbredealsupport22021,Support22022,nbredealsupport22022,Support22023,nbredealsupport22023,Support32021,nbredealsupport32021,Support32022,nbredealsupport32022,Support32023,nbredealsupport32023,predicted,predictedsupport1,predictedsupport2,predictedUpsale
École nationale d'administration,0.0,0.0,0.0,0.0,15000.0,0.0,0.0,0.0,0.0,0.0,0.0,0,0,100,1,16,0.0,0.0,0.0,0.0,228670012.0,0,2022.0,3.0,2021,11,0,0,0,0,0,0,0,0,0,0,0,0,0,0,0,0,0,0,0,0,0,0,0,0,0,0,0,0
3NSECURE,0.0,0.0,0.0,0.0,22500.0,0.0,0.0,0.0,0.0,0.0,0.0,0,0,50,1,55,0.0,0.0,0.0,0.0,228670012.0,0,2022.0,11.0,2022,11,0,0,0,0,0,0,0,0,0,0,0,0,0,0,0,0,0,0,0,0,0,0,0,0,0,0,0,0
ABG,4396.0,0.0,0.0,0.0,4396.0,0.0,0.0,0.0,0.0,0.0,0.0,0,0,50,1,74,0.0,0.0,0.0,0.0,228670012.0,0,2022.0,12.0,2022,12,0,0,0,0,0,0,0,0,0,0,0,0,0,0,0,0,0,0,0,0,0,0,0,0,0,0,0,0
ABSnetwork,0.0,2500.0,0.0,0.0,0.0,0.0,0.0,0.0,0.0,0.0,0.0,0,0,10,1,55,0.0,0.0,0.0,0.0,228670012.0,0,2022.0,11.0,2022,6,0,0,0,0,0,0,0,0,0,0,0,0,0,0,0,0,0,0,0,0,0,0,0,0,0,0,0,0
ACEP Burkina,0.0,0.0,6720.0,0.0,0.0,0.0,0.0,0.0,0.0,0.0,0.0,0,0,100,1,74,0.0,0.0,0.0,0.0,228670012.0,0,2023.0,6.0,2023,3,0,0,0,0,0,0,0,0,0,0,0,0,0,0,0,0,0,0,0,0,0,0,0,0,0,0,0,0
ACS CONSULTING,0.0,0.0,0.0,0.0,1953.76,0.0,0.0,0.0,0.0,0.0,0.0,0,0,50,2,74,0.0,0.0,0.0,0.0,228670012.0,0,2022.0,12.0,2022,8,0,0,0,0,0,0,0,0,0,0,0,0,0,0,0,0,0,0,0,0,0,0,0,0,0,0,0,0
ACS Maroc,0.0,25318.32,32900.0,0.0,0.0,0.0,0.0,0.1818181818181818,0.0,25318.32,32900.0,1,1,50,11,74,0.0,1.0,1.0,1.0,228670005.0,1,2023.0,4.0,2022,11,0,0,0,0,0,0,0,0,0,0,0,0,0,0,0,0,1,1,0,0,1,1,1,1,0,0,0,1
ACTIA,0.0,22635.0,116700.0,4795.2,22635.0,127230.0,0.0,0.1,0.0,3600.0,0.0,0,1,895,10,55,0.0,1.0,0.0,0.0,228670004.0,0,2023.0,3.0,2021,12,0,0,1,1,0,0,0,0,0,0,0,0,0,0,0,0,0,0,0,0,0,0,0,0,0,0,0,1
ADD IN,3750.0,20418.66,307345.0,3950.0,22798.31,0.0,0.0,0.3,3750.0,15276.84,0.0,1,1,100,10,55,1.0,2.0,0.0,0.0,228670012.0,0,2023.0,4.0,2021,9,0,0,0,0,0,0,1,1,1,2,0,0,0,0,0,0,0,0,0,0,0,0,0,0,0,0,0,1
AFC,0.0,5400.6,2700.0,6700.0,9962.76,9604.8,0.0,0.2,0.0,5400.6,2700.0,0,1,392,10,65,0.0,1.0,1.0,0.0,228670012.0,1,2023.0,4.0,2021,7,0,0,0,0,0,0,0,0,1,2,1,1,0,0,0,0,0,0,0,0,0,0,0,0,0,1,0,0
AGENCE FONCIERE D'HABITATION,0.0,0.0,0.0,25500.0,0.0,26400.0,0.0,0.0,0.0,0.0,0.0,0,0,150,2,11,0.0,0.0,0.0,0.0,228670012.0,0,2023.0,3.0,2021,11,0,0,0,0,0,0,0,0,0,0,0,0,0,0,0,0,0,0,0,0,0,0,0,0,0,0,0,0
AL BARAKA BANK TUNISIA,17485.07,33495.65,36409.17,390787.65,487170.22,172177.5,0.0,0.2083333333333333,17485.07,33495.65,7875.0,1,1,600,24,65,2.0,2.0,1.0,1.0,228670012.0,1,2023.0,12.0,2021,7,0,0,1,1,1,1,1,2,1,2,0,0,0,0,0,0,0,0,0,0,0,0,0,0,1,1,0,1
AL HURRA TV,0.0,0.0,0.0,0.0,10402.0,0.0,0.0,0.0,0.0,0.0,0.0,0,0,100,1,8,0.0,0.0,0.0,0.0,228670012.0,0,2022.0,11.0,2022,6,0,0,0,0,0,0,0,0,0,0,0,0,0,0,0,0,0,0,0,0,0,0,0,0,0,0,0,0
ALIOS TUNISIE,0.0,45378.64,96390.0,107903.05,70411.81000000001,75513.6,0.0,0.1111111111111111,0.0,45378.64,0.0,1,1,259,18,65,0.0,2.0,0.0,0.0,228670012.0,0,2023.0,6.0,2021,7,0,0,0,0,0,0,0,0,1,2,0,0,0,0,0,0,0,0,0,0,0,0,0,0,0,0,0,1
AMECAP,0.0,0.0,19070.0,0.0,4506.0,19070.0,0.0,0.0,0.0,0.0,0.0,0,1,50,4,59,0.0,0.0,0.0,0.0,228670012.0,0,2023.0,3.0,2022,6,0,0,0,0,1,1,0,0,0,0,0,0,0,0,0,0,0,0,0,0,0,0,0,0,0,0,0,0
AMEN BANQUE,0.0,25542.0,7200.0,0.0,7045.0,0.0,0.0,0.1666666666666666,0.0,14950.0,0.0,1,1,3000,6,65,0.0,1.0,0.0,0.0,228670012.0,0,2023.0,3.0,2021,11,0,0,0,0,1,1,0,0,1,1,0,0,0,0,0,0,0,0,0,0,0,0,0,0,0,0,0,0
AMEN CAPITAL,0.0,0.0,0.0,0.0,2870.0,0.0,0.0,0.0,0.0,0.0,0.0,0,0,50,1,65,0.0,0.0,0.0,0.0,228670012.0,0,2022.0,4.0,2022,4,0,0,0,0,0,0,0,0,0,0,0,0,0,0,0,0,0,0,0,0,0,0,0,0,0,0,0,0
ANSI,10000.0,2500.0,0.0,0.0,0.0,0.0,0.0,1.0,0.0,2500.0,2500.0,0,0,50,3,55,2.0,1.0,0.0,0.0,228670012.0,0,2022.0,12.0,2021,11,0,0,0,0,0,0,1,2,1,1,0,0,0,0,0,0,0,0,0,0,0,0,0,0,0,0,0,0
APIA,0.0,0.0,0.0,0.0,0.0,11850.0,0.0,0.0,0.0,0.0,0.0,0,0,300,1,74,0.0,0.0,0.0,0.0,228670012.0,0,2023.0,3.0,2023,3,0,0,0,0,0,0,0,0,0,0,0,0,0,0,0,0,0,0,0,0,0,0,0,0,0,0,0,0
ARC EN CIEL,0.0,6320.0,0.0,0.0,6320.0,0.0,0.0,0.5,0.0,1400.0,0.0,0,1,20,2,74,0.0,1.0,0.0,0.0,228670004.0,0,2022.0,9.0,2022,5,0,0,1,1,0,0,0,0,0,0,0,0,0,0,0,0,0,0,0,0,0,0,0,0,0,0,0,0
ARCHIMED,0.0,509371.44,447371.44,48787.21,3631863.589999999,3484060.04,0.0,0.0612244897959183,0.0,59000.0,0.0,1,1,200,49,55,0.0,3.0,0.0,0.0,228670012.0,0,2023.0,12.0,2021,12,0,0,0,0,0,0,0,0,1,3,0,0,0,0,0,0,0,0,0,0,0,0,0,0,0,1,0,1
ASSURANCE LACARTE,12000.0,228250.0,0.0,7862.0,686265.0,20000.0,0.0,0.1,600.0,600.0,0.0,0,1,200,10,65,0.0,1.0,0.0,0.0,228670004.0,0,2023.0,4.0,2021,7,0,0,1,1,0,0,0,0,0,0,0,0,0,0,0,0,0,0,0,0,0,0,0,0,0,0,0,0
ASSURANCES AMI,21307.5,304797.9,0.0,23758.0,649120.0,51160.8,0.0,0.0,19807.5,13997.9,0.0,1,1,243,24,65,0.0,0.0,0.0,0.0,228670012.0,0,2023.0,3.0,2021,7,0,0,0,0,0,0,1,1,1,2,0,0,0,0,0,0,0,0,0,0,0,0,0,0,0,0,0,0
ASSURANCES GAT,27718.12,357493.53,223500.0,380538.95,765871.8300000001,649032.12,0.0,0.3018867924528302,0.0,67070.53,43500.0,1,1,380,53,65,4.0,8.0,4.0,1.0,228670004.0,1,2023.0,12.0,2021,7,1,4,1,6,1,2,0,0,1,3,1,3,0,0,0,0,0,0,0,0,0,0,0,0,1,1,0,1
ASSURANCES MAGHREBIA,0.0,3500.0,60000.0,0.0,0.0,64560.0,0.0,0.25,0.0,3500.0,0.0,0,1,498,4,65,0.0,1.0,0.0,0.0,228670004.0,0,2023.0,3.0,2022,10,0,0,1,1,0,0,0,0,0,0,0,0,0,0,0,0,0,0,0,0,0,0,0,0,0,0,0,1
ASTEEL FLASH,0.0,0.0,0.0,48630.0,0.0,0.0,0.0,0.0,0.0,0.0,0.0,0,0,5000,1,59,0.0,0.0,0.0,0.0,228670012.0,0,2021.0,11.0,2021,11,0,0,0,0,0,0,0,0,0,0,0,0,0,0,0,0,0,0,0,0,0,0,0,0,0,0,0,0
ASTRE ASSURANCES,0.0,0.0,0.0,100000.0,96740.0,0.0,0.0,0.0,0.0,0.0,0.0,0,0,206,2,65,0.0,0.0,0.0,0.0,228670012.0,0,2022.0,11.0,2021,9,0,0,0,0,0,0,0,0,0,0,0,0,0,0,0,0,0,0,0,0,0,0,0,0,0,0,0,0
ATB,61984.0,29100.0,17100.0,604364.46,296396.44,245653.19,0.0,0.1333333333333333,61984.0,9900.0,0.0,1,1,1000,15,65,1.0,1.0,0.0,1.0,228670012.0,0,2023.0,9.0,2021,7,1,1,0,0,0,0,0,0,1,1,0,0,0,0,0,0,0,0,0,0,0,0,0,0,0,0,0,1
ATD SICAR,5100.0,10300.6,2450.0,4946.96,41033.22,33782.81999999999,0.0,0.28,5100.0,5200.6,2450.0,1,1,1000,25,65,3.0,3.0,1.0,1.0,228670012.0,1,2023.0,3.0,2021,7,1,2,1,1,0,0,1,2,1,2,1,1,0,0,0,0,0,0,0,0,0,0,0,0,0,1,0,1
ATI,0.0,583106.88,0.0,0.0,950692.32,0.0,0.0,0.0,0.0,0.0,0.0,1,1,50,6,55,0.0,0.0,0.0,0.0,228670012.0,0,2022.0,12.0,2021,12,0,0,0,0,0,0,0,0,0,0,0,0,0,0,0,0,0,0,0,0,0,0,0,0,0,0,0,1
ATL,11155.0,31003.44,18879.03,100760.5,207200.23,244512.64,0.0,0.024390243902439,11155.0,22708.54,9491.53,1,1,100,41,65,0.0,0.0,1.0,0.0,228670012.0,1,2023.0,12.0,2021,7,0,0,1,1,0,0,0,0,1,2,1,1,0,0,0,0,0,0,0,0,0,0,0,0,1,1,0,1
ATLAS CLOUD SERVICES,0.0,0.0,0.0,0.0,8820.0,0.0,0.0,0.0,0.0,0.0,0.0,0,0,21,1,55,0.0,0.0,0.0,0.0,228670012.0,0,2022.0,6.0,2022,5,0,0,0,0,0,0,0,0,0,0,0,0,0,0,0,0,0,0,0,0,0,0,0,0,0,0,0,0
ATTIJARI BANK,13931.2,3004609.2,2091863.3,30681.6,2054981.7,3538592.79,0.0,0.088235294117647,13931.2,21890.0,30465.0,1,1,3000,34,65,0.0,0.0,3.0,1.0,228670004.0,1,2023.0,6.0,2021,7,0,0,1,1,1,2,0,0,1,3,1,1,0,0,1,1,0,0,0,0,0,0,0,0,1,1,1,1
AXELITES,0.0,0.0,0.0,0.0,0.0,2478.15,0.0,0.0,0.0,0.0,0.0,0,0,27,1,55,0.0,0.0,0.0,0.0,228670012.0,0,2023.0,3.0,2023,3,0,0,0,0,0,0,0,0,0,0,0,0,0,0,0,0,0,0,0,0,0,0,0,0,0,0,0,0
Advancia SPG GROUP,0.0,0.0,0.0,0.0,1790.0,0.0,0.0,0.0,0.0,0.0,0.0,0,0,100,1,55,0.0,0.0,0.0,0.0,228670012.0,0,2022.0,4.0,2022,3,0,0,0,0,0,0,0,0,0,0,0,0,0,0,0,0,0,0,0,0,0,0,0,0,0,0,0,0
Advancia Training,0.0,7100.0,7300.0,0.0,0.0,0.0,0.0,1.0,0.0,7100.0,7300.0,0,0,50,3,16,0.0,1.0,2.0,0.0,228670006.0,1,2023.0,3.0,2022,12,0,0,0,0,0,0,0,0,0,0,0,0,0,0,1,1,1,2,0,0,0,0,0,0,0,0,1,0
Agence Foncière Touristique,0.0,0.0,0.0,0.0,0.0,36180.0,0.0,0.0,0.0,0.0,0.0,0,0,50,1,11,0.0,0.0,0.0,0.0,228670012.0,0,2023.0,3.0,2023,2,0,0,0,0,0,0,0,0,0,0,0,0,0,0,0,0,0,0,0,0,0,0,0,0,0,0,0,0
Agence Nationale de Certification Electronique,390.0,1560.0,630.0,0.0,0.0,14151.0,0.0,0.5714285714285714,390.0,1560.0,630.0,1,1,70,7,55,1.0,2.0,1.0,1.0,228670004.0,1,2023.0,6.0,2022,1,0,0,1,3,1,1,1,1,0,0,0,0,0,0,0,0,0,0,0,0,0,0,0,0,1,0,0,1
Agence Tunisienne d'Internet,0.0,0.0,0.0,15729.0,0.0,0.0,0.0,0.0,0.0,0.0,0.0,0,0,50,2,74,0.0,0.0,0.0,0.0,228670012.0,0,2021.0,11.0,2021,8,0,0,0,0,0,0,0,0,0,0,0,0,0,0,0,0,0,0,0,0,0,0,0,0,0,0,0,0
AirLiquide,0.0,76800.0,0.0,0.0,0.0,0.0,0.0,0.0,0.0,0.0,0.0,0,0,50,1,74,0.0,0.0,0.0,0.0,228670012.0,0,2022.0,3.0,2022,2,0,0,0,0,0,0,0,0,0,0,0,0,0,0,0,0,0,0,0,0,0,0,0,0,0,0,0,0
Al Buhaira,11789.75,70005.84,29480.73,6400.0,41644.12,74188.76,0.0,0.7391304347826086,3454.85,67286.51,20729.08,1,1,100,23,74,2.0,13.0,2.0,1.0,228670012.0,1,2023.0,3.0,2021,9,0,0,1,7,0,0,1,2,1,7,1,2,0,0,0,0,0,0,0,0,0,0,0,0,0,1,0,1
Alubaf Banque,0.0,4300.0,0.0,0.0,29490.0,0.0,0.0,0.0,0.0,0.0,0.0,0,1,100,3,65,0.0,0.0,0.0,0.0,228670012.0,0,2022.0,6.0,2022,3,0,0,0,0,0,0,0,0,0,0,0,0,0,0,0,0,0,0,0,0,0,0,0,0,0,0,0,0
Amena Takaful,0.0,0.0,285547.04,0.0,50490.0,856641.1199999999,0.0,0.0,0.0,0.0,0.0,0,1,100,5,65,0.0,0.0,0.0,0.0,228670012.0,0,2023.0,6.0,2022,10,0,0,0,0,0,0,0,0,0,0,0,0,0,0,0,0,0,0,0,0,0,0,0,0,0,0,0,0
Ameninvest,0.0,0.0,0.0,1821.0,221.5,0.0,0.0,0.0,0.0,0.0,0.0,0,0,20,3,65,0.0,0.0,0.0,0.0,228670012.0,0,2022.0,11.0,2021,7,0,0,0,0,0,0,0,0,0,0,0,0,0,0,0,0,0,0,0,0,0,0,0,0,0,0,0,0
Ameur Plastics,0.0,4300.0,0.0,0.0,14000.0,120000.0,0.0,0.0,0.0,0.0,0.0,0,1,50,5,59,0.0,0.0,0.0,0.0,228670012.0,0,2023.0,6.0,2022,2,0,0,0,0,0,0,0,0,0,0,0,0,0,0,0,0,0,0,0,0,0,0,0,0,0,0,0,0
Amilcar LLD,0.0,9800.0,0.0,3500.0,30540.0,0.0,0.0,0.2,0.0,1800.0,0.0,1,1,20,5,65,0.0,1.0,0.0,0.0,228670004.0,0,2022.0,6.0,2021,11,0,0,1,1,0,0,0,0,0,0,0,0,0,0,0,0,0,0,0,0,0,0,0,0,0,0,0,0
Amilcar Petroleum operations,9600.0,20700.0,0.0,130412.8,495086.72,136618.65,0.0,0.2666666666666666,9600.0,20700.0,0.0,0,1,143,15,17,0.0,4.0,0.0,0.0,228670004.0,0,2023.0,4.0,2021,7,0,0,1,4,0,0,0,0,0,0,0,0,0,0,0,0,0,0,0,0,0,0,0,0,0,0,0,0
Anis Ben Hjel,0.0,1743.0,0.0,0.0,0.0,0.0,0.0,1.0,0.0,1743.0,0.0,0,0,5,1,74,0.0,1.0,0.0,0.0,228670006.0,0,2022.0,9.0,2022,10,0,0,0,0,0,0,0,0,0,0,0,0,0,0,1,1,0,0,0,0,0,0,0,0,0,0,1,0
Assurance CTAMA,0.0,43844.4,0.0,0.0,131533.2,0.0,0.0,0.0,0.0,0.0,0.0,0,1,200,4,65,0.0,0.0,0.0,0.0,228670012.0,0,2022.0,6.0,2022,4,0,0,0,0,0,0,0,0,0,0,0,0,0,0,0,0,0,0,0,0,0,0,0,0,0,0,0,0
Assurances Star,0.0,10000.0,0.0,0.0,0.0,100000.0,0.0,0.0,0.0,0.0,0.0,0,1,1000,2,65,0.0,0.0,0.0,0.0,228670012.0,0,2023.0,2.0,2022,5,0,0,0,0,0,0,0,0,0,0,0,0,0,0,0,0,0,0,0,0,0,0,0,0,0,0,0,0
Assuria,0.0,0.0,10685.18,0.0,0.0,10685.18,0.0,0.0,0.0,0.0,0.0,0,1,50,1,65,0.0,0.0,0.0,0.0,228670012.0,0,2023.0,3.0,2023,2,0,0,0,0,0,0,0,0,0,0,0,0,0,0,0,0,0,0,0,0,0,0,0,0,0,0,0,0
BANQUE ZITOUNA,1808632.33,324440.0,53450.0,6522772.440000001,6325559.65,4519913.48,896275.57,0.4047619047619047,74200.0,146700.0,13450.0,1,1,1076,84,65,8.0,23.0,3.0,1.0,228670012.0,1,2024.0,12.0,2021,7,1,1,0,0,1,1,1,7,1,23,1,2,0,0,0,0,0,0,0,0,0,0,0,0,1,1,0,1
BEIN SPORT,6000.0,45000.0,41500.0,8971.0,21609.0,0.0,0.0,0.4,6000.0,4000.0,0.0,0,1,100,10,8,3.0,1.0,0.0,0.0,228670012.0,0,2023.0,3.0,2021,7,0,0,0,0,0,0,1,3,1,2,0,0,0,0,0,0,0,0,0,0,0,0,0,0,0,0,0,0
BEST LEASE,9442.35,52019.80000000001,4526.87,15177.0,201798.0,67660.0,0.0,0.25,9442.35,14957.04,4526.87,1,1,100,28,65,1.0,5.0,1.0,1.0,228670012.0,1,2023.0,9.0,2021,7,0,0,0,0,0,0,1,2,1,4,1,1,0,0,1,1,0,0,0,0,0,0,0,0,0,1,1,1
BFI,0.0,0.0,0.0,0.0,2000.0,20000.0,0.0,0.0,0.0,0.0,0.0,0,0,200,2,55,0.0,0.0,0.0,0.0,228670012.0,0,2023.0,5.0,2022,3,0,0,0,0,0,0,0,0,0,0,0,0,0,0,0,0,0,0,0,0,0,0,0,0,0,0,0,0
BH Bank,54000.0,151785.0,2091631.25,3982465.63,7782757.199999999,4518272.0,0.0,0.1212121212121212,48000.0,18675.0,12956.25,1,1,1500,33,65,1.0,1.0,2.0,1.0,228670012.0,1,2023.0,11.0,2021,7,1,1,1,1,0,0,0,0,1,2,1,2,0,0,0,0,0,0,0,0,0,0,0,0,0,1,0,1
BIAT,65420.0,168572.2,1799000.0,0.0,0.0,2065000.0,3186480.0,0.2083333333333333,65420.0,49865.0,0.0,1,1,2929,24,65,3.0,2.0,0.0,0.0,228670004.0,0,2024.0,1.0,2021,7,1,3,1,2,0,0,0,0,0,0,0,0,0,0,0,0,0,0,0,0,0,0,0,0,0,0,0,1
BIAT Assurance,0.0,68010.2,136088.26,0.0,258748.13,218662.73,0.0,0.0833333333333333,0.0,6000.0,0.0,1,1,100,12,65,0.0,1.0,0.0,0.0,228670004.0,0,2023.0,6.0,2022,2,0,0,1,1,0,0,0,0,0,0,0,0,0,0,0,0,0,0,0,0,0,0,0,0,0,0,0,1
BMCE Capital Tunisie,7146.0,24714.58,38273.85,89696.0,100097.2,98814.5,0.0,0.1739130434782608,7146.0,15149.72,8029.35,1,1,50,23,65,0.0,3.0,1.0,0.0,228670012.0,1,2023.0,3.0,2021,9,0,0,0,0,0,0,0,0,1,3,1,1,0,0,0,0,0,0,0,0,0,0,0,0,0,1,0,1
BNA,10500.0,90805.0,206310.0,0.0,100800.0,1500000.0,0.0,0.36,10500.0,45430.0,46410.0,1,1,5001,25,65,1.0,5.0,3.0,1.0,228670012.0,1,2023.0,12.0,2021,9,1,1,1,1,0,0,0,0,1,3,1,3,0,0,0,0,0,0,0,0,0,0,0,0,0,1,0,1
BNA Capitaux,18060.0,0.0,0.0,99967.27,0.0,0.0,0.0,0.0,0.0,0.0,0.0,0,1,100,3,65,0.0,0.0,0.0,0.0,228670012.0,0,2021.0,6.0,2021,7,0,0,0,0,0,0,0,0,0,0,0,0,0,0,0,0,0,0,0,0,0,0,0,0,0,0,0,0
BSB-SA,2619.0,10475.92,2775.6,22166.6,27072.45,10633.2,0.0,0.2142857142857142,2619.0,10474.72,2775.6,0,0,200,28,4,1.0,3.0,2.0,0.0,228670012.0,1,2023.0,3.0,2021,7,0,0,0,0,0,0,1,1,1,4,1,1,0,0,0,0,0,0,0,0,0,0,0,0,0,1,0,0
BT,0.0,0.0,150000.0,0.0,0.0,15000.0,0.0,0.0,0.0,0.0,0.0,1,1,3000,4,65,0.0,0.0,0.0,0.0,228670012.0,0,2023.0,6.0,2023,3,0,0,0,0,0,0,0,0,0,0,0,0,0,0,0,0,0,0,0,0,0,0,0,0,0,0,0,1
BTE,55807.13,18887.04,102720.0,143747.42,152843.98,255563.98,152843.98,0.25,55807.130000000005,12591.36,0.0,1,1,207,12,65,1.0,2.0,0.0,0.0,228670012.0,0,2024.0,12.0,2021,7,0,0,0,0,0,0,1,1,1,2,0,0,0,0,0,0,0,0,0,0,0,0,0,0,0,0,0,1
BTK,208936.0,0.0,0.0,480942.0,300500.0,385000.0,0.0,0.0909090909090909,13200.0,0.0,0.0,0,1,500,11,65,1.0,0.0,0.0,0.0,228670012.0,0,2023.0,11.0,2021,7,1,1,0,0,0,0,0,0,0,0,0,0,0,0,0,0,0,0,0,0,0,0,0,0,0,0,0,0
BTL,0.0,0.0,0.0,106265.28,0.0,0.0,0.0,0.0,0.0,0.0,0.0,0,0,240,1,65,0.0,0.0,0.0,0.0,228670012.0,0,2021.0,12.0,2021,7,0,0,0,0,0,0,0,0,0,0,0,0,0,0,0,0,0,0,0,0,0,0,0,0,0,0,0,0
Backend,0.0,0.0,0.0,0.0,0.0,3288.0,0.0,0.0,0.0,0.0,0.0,0,0,25,1,74,0.0,0.0,0.0,0.0,228670012.0,0,2023.0,3.0,2023,1,0,0,0,0,0,0,0,0,0,0,0,0,0,0,0,0,0,0,0,0,0,0,0,0,0,0,0,0
Banking Intelligence,0.0,0.0,0.0,0.0,820.0,0.0,0.0,0.0,0.0,0.0,0.0,0,0,50,1,74,0.0,0.0,0.0,0.0,228670012.0,0,2022.0,5.0,2022,4,0,0,0,0,0,0,0,0,0,0,0,0,0,0,0,0,0,0,0,0,0,0,0,0,0,0,0,0
Banque Centrale de Tunisie,20650.0,20537.86,141080.0,1776394.58,1793293.5,980180.0,0.0,0.0,21000.0,20537.86,11000.0,1,1,1073,76,65,0.0,0.0,0.0,0.0,228670012.0,0,2023.0,5.0,2021,7,1,2,1,1,1,1,0,0,1,1,0,0,0,0,0,0,0,0,0,0,0,0,0,0,1,0,0,1
Banque Maghrébine d'investissement et de Commerce Extérieur,0.0,0.0,0.0,0.0,26874.0,0.0,0.0,0.0,0.0,0.0,0.0,0,0,200,2,65,0.0,0.0,0.0,0.0,228670012.0,0,2022.0,3.0,2021,10,0,0,0,0,0,0,0,0,0,0,0,0,0,0,0,0,0,0,0,0,0,0,0,0,0,0,0,0
Banque Tunisie,0.0,0.0,0.0,0.0,123808.0,0.0,0.0,0.0,0.0,0.0,0.0,0,0,3000,1,65,0.0,0.0,0.0,0.0,228670012.0,0,2022.0,4.0,2022,3,0,0,0,0,0,0,0,0,0,0,0,0,0,0,0,0,0,0,0,0,0,0,0,0,0,0,0,0
Banque africaine de développement,0.0,0.0,0.0,0.0,461760.0,0.0,0.0,0.0,0.0,0.0,0.0,0,0,3100,1,65,0.0,0.0,0.0,0.0,228670012.0,0,2022.0,3.0,2021,11,0,0,0,0,0,0,0,0,0,0,0,0,0,0,0,0,0,0,0,0,0,0,0,0,0,0,0,0
Biosca Tamara,0.0,0.0,0.0,0.0,0.0,24000.0,0.0,0.0,0.0,0.0,0.0,0,0,200,1,59,0.0,0.0,0.0,0.0,228670012.0,0,2023.0,3.0,2022,7,0,0,0,0,0,0,0,0,0,0,0,0,0,0,0,0,0,0,0,0,0,0,0,0,0,0,0,0
Biosphère,0.0,0.0,0.0,0.0,7850.0,0.0,0.0,0.0,0.0,0.0,0.0,0,0,100,1,59,0.0,0.0,0.0,0.0,228670012.0,0,2022.0,6.0,2021,10,0,0,0,0,0,0,0,0,0,0,0,0,0,0,0,0,0,0,0,0,0,0,0,0,0,0,0,0
Bouchamaoui Industries,0.0,0.0,0.0,0.0,58345.58,0.0,0.0,0.0,0.0,0.0,0.0,0,0,500,3,17,0.0,0.0,0.0,0.0,228670012.0,0,2022.0,12.0,2022,1,0,0,0,0,0,0,0,0,0,0,0,0,0,0,0,0,0,0,0,0,0,0,0,0,0,0,0,0
Boudrant,0.0,28000.0,0.0,0.0,0.0,0.0,0.0,0.0,0.0,0.0,0.0,0,0,76,1,59,0.0,0.0,0.0,0.0,228670012.0,0,2022.0,11.0,2022,9,0,0,0,0,0,0,0,0,0,0,0,0,0,0,0,0,0,0,0,0,0,0,0,0,0,0,0,0
CAP BON Consulting SARL,0.0,350.0,0.0,29520.0,40620.0,0.0,0.0,0.2,0.0,350.0,0.0,0,1,50,5,65,0.0,1.0,0.0,0.0,228670004.0,0,2022.0,10.0,2021,9,0,0,1,1,0,0,0,0,0,0,0,0,0,0,0,0,0,0,0,0,0,0,0,0,0,0,0,0
CAPBANK,0.0,0.0,74060.0,0.0,0.0,74060.0,0.0,0.0,0.0,0.0,0.0,0,1,50,2,65,0.0,0.0,0.0,0.0,228670012.0,0,2023.0,5.0,2022,7,0,0,0,0,0,0,0,0,0,0,0,0,0,0,0,0,0,0,0,0,0,0,0,0,0,0,0,0
CARTHAGE CEMENT,59543.84,167689.38,698009.79,114296.51,364385.36,847441.2100000001,0.0,0.1463414634146341,59543.84,29433.09,11826.25,1,1,500,41,59,2.0,3.0,1.0,1.0,228670012.0,1,2023.0,11.0,2021,7,0,0,1,1,1,1,1,2,1,2,1,1,0,0,0,0,0,0,0,0,0,0,0,0,1,1,0,1
CAWTAR,300.0,0.0,0.0,0.0,0.0,0.0,0.0,1.0,300.0,0.0,0.0,0,0,50,1,4,1.0,0.0,0.0,0.0,228670004.0,0,2021.0,11.0,2022,9,1,1,0,0,0,0,0,0,0,0,0,0,0,0,0,0,0,0,0,0,0,0,0,0,0,0,0,0
CDN,2231.25,0.0,29500.0,2251.6,83779.0,29500.0,0.0,0.1666666666666666,2231.25,0.0,0.0,1,1,200,6,55,1.0,0.0,0.0,0.0,228670012.0,0,2023.0,6.0,2021,9,0,0,0,0,0,0,1,1,0,0,0,0,0,0,0,0,0,0,0,0,0,0,0,0,0,0,0,1
CENAFIF,0.0,0.0,0.0,0.0,0.0,737382.9099999999,0.0,0.0,0.0,0.0,0.0,0,0,74,2,11,0.0,0.0,0.0,0.0,228670012.0,0,2023.0,4.0,2021,7,0,0,0,0,0,0,0,0,0,0,0,0,0,0,0,0,0,0,0,0,0,0,0,0,0,0,0,0
CEPEX,0.0,0.0,0.0,0.0,150000.0,0.0,0.0,0.0,0.0,0.0,0.0,0,0,200,1,55,0.0,0.0,0.0,0.0,228670012.0,0,2022.0,5.0,2022,3,0,0,0,0,0,0,0,0,0,0,0,0,0,0,0,0,0,0,0,0,0,0,0,0,0,0,0,0
CHAKIRA CABLE,0.0,0.0,0.0,0.0,0.0,24261.0,0.0,0.0,0.0,0.0,0.0,0,0,500,1,59,0.0,0.0,0.0,0.0,228670012.0,0,2023.0,3.0,2023,3,0,0,0,0,0,0,0,0,0,0,0,0,0,0,0,0,0,0,0,0,0,0,0,0,0,0,0,0
CHO,0.0,0.0,6000.0,139112.0,0.0,38540.0,0.0,0.0,0.0,0.0,0.0,0,1,1000,5,59,0.0,0.0,0.0,0.0,228670012.0,0,2023.0,2.0,2021,9,0,0,0,0,0,0,0,0,0,0,0,0,0,0,0,0,0,0,0,0,0,0,0,0,0,0,0,0
CITET,0.0,0.0,0.0,13860.36,0.0,0.0,0.0,0.0,0.0,0.0,0.0,0,0,50,1,74,0.0,0.0,0.0,0.0,228670012.0,0,2021.0,12.0,2021,10,0,0,0,0,0,0,0,0,0,0,0,0,0,0,0,0,0,0,0,0,0,0,0,0,0,0,0,0
CM Consulting,0.0,0.0,24983.5,0.0,0.0,41783.5,0.0,0.0,0.0,0.0,0.0,0,1,50,3,74,0.0,0.0,0.0,0.0,228670012.0,0,2023.0,4.0,2023,2,0,0,0,0,0,0,0,0,0,0,0,0,0,0,0,0,0,0,0,0,0,0,0,0,0,0,0,0
CNI,0.0,7735.0,0.0,8800.0,0.0,0.0,0.0,0.5,0.0,7735.0,0.0,1,0,181,2,11,0.0,1.0,0.0,0.0,228670006.0,0,2022.0,12.0,2021,7,0,0,0,0,0,0,0,0,0,0,0,0,0,0,1,1,0,0,0,0,0,0,0,0,0,0,1,1
CNRPS,0.0,0.0,0.0,0.0,57060.0,0.0,0.0,0.0,0.0,0.0,0.0,0,0,1000,1,11,0.0,0.0,0.0,0.0,228670012.0,0,2022.0,11.0,2022,9,0,0,0,0,0,0,0,0,0,0,0,0,0,0,0,0,0,0,0,0,0,0,0,0,0,0,0,0
CODIS,0.0,0.0,10000.0,0.0,20844.5,10436.0,0.0,0.0,0.0,0.0,0.0,0,1,50,7,20,0.0,0.0,0.0,0.0,228670012.0,0,2023.0,3.0,2022,8,0,0,0,0,1,1,0,0,0,0,0,0,0,0,0,0,0,0,0,0,0,0,0,0,0,0,0,0
COFIB CAPITAL FINANCES,0.0,9750.0,49550.0,0.0,15771.0,15771.0,0.0,0.25,0.0,9750.0,0.0,1,1,50,8,65,0.0,2.0,0.0,1.0,228670012.0,0,2023.0,11.0,2022,2,0,0,1,1,0,0,0,0,1,1,0,0,0,0,0,0,0,0,0,0,0,0,0,0,0,0,0,1
COFICAB  TUNISIE,0.0,105100.0,43800.0,229228.01,167724.07,353624.82,0.0,0.1111111111111111,0.0,7000.0,0.0,1,0,1645,27,20,0.0,3.0,0.0,1.0,228670004.0,0,2023.0,12.0,2021,7,0,0,0,0,0,0,0,0,0,0,0,0,0,0,1,1,0,0,0,0,0,0,0,0,0,0,1,1
COGEMAT,0.0,0.0,0.0,1556.0,1772.0,0.0,0.0,0.0,0.0,0.0,0.0,0,0,250,2,20,0.0,0.0,0.0,0.0,228670012.0,0,2022.0,9.0,2021,9,0,0,0,0,0,0,0,0,0,0,0,0,0,0,0,0,0,0,0,0,0,0,0,0,0,0,0,0
COMAR,0.0,0.0,0.0,0.0,0.0,135000.0,0.0,0.0,0.0,0.0,0.0,0,0,451,3,65,0.0,0.0,0.0,0.0,228670012.0,0,2023.0,12.0,2022,1,0,0,0,0,0,0,0,0,0,0,0,0,0,0,0,0,0,0,0,0,0,0,0,0,0,0,0,0
COMETE ENGINEERING,1800.0,0.0,0.0,0.0,2440.0,0.0,0.0,0.6666666666666666,1800.0,0.0,0.0,0,1,100,3,74,2.0,0.0,0.0,1.0,228670012.0,0,2022.0,6.0,2021,11,1,2,0,0,0,0,0,0,0,0,0,0,0,0,0,0,0,0,0,0,0,0,0,0,0,0,0,0
COMPAGNIE AFRICAINE DES PEINTURES,0.0,0.0,0.0,3980.9,0.0,0.0,0.0,0.0,0.0,0.0,0.0,0,0,50,1,74,0.0,0.0,0.0,0.0,228670012.0,0,2021.0,6.0,2021,7,0,0,0,0,0,0,0,0,0,0,0,0,0,0,0,0,0,0,0,0,0,0,0,0,0,0,0,0
COMVIVA,0.0,0.0,0.0,980000.0,0.0,0.0,0.0,0.0,0.0,0.0,0.0,0,0,2900,1,55,0.0,0.0,0.0,0.0,228670012.0,0,2021.0,6.0,2021,7,0,0,0,0,0,0,0,0,0,0,0,0,0,0,0,0,0,0,0,0,0,0,0,0,0,0,0,0
COTUNACE,0.0,0.0,0.0,0.0,50000.0,0.0,0.0,0.0,0.0,0.0,0.0,0,0,100,2,55,0.0,0.0,0.0,0.0,228670012.0,0,2022.0,3.0,2022,2,0,0,0,0,0,0,0,0,0,0,0,0,0,0,0,0,0,0,0,0,0,0,0,0,0,0,0,0
CPG,0.0,11600.0,49404.0,28000.0,0.0,49404.0,0.0,0.0,0.0,0.0,0.0,1,1,5000,6,59,0.0,0.0,0.0,0.0,228670012.0,0,2023.0,3.0,2021,10,0,0,0,0,1,1,0,0,0,0,0,0,0,0,0,0,0,0,0,0,0,0,0,0,0,0,0,1
CRAYON France,28263.75,66093.45999999999,0.0,0.0,0.0,0.0,0.0,1.0,28263.75,8980.15,0.0,1,0,3700,9,55,3.0,6.0,0.0,1.0,228670005.0,0,2022.0,10.0,2021,11,1,1,0,0,0,0,0,0,0,0,0,0,0,0,0,0,0,0,1,2,1,6,0,0,0,0,1,1
CRES,0.0,3150.0,0.0,0.0,0.0,0.0,0.0,1.0,0.0,3150.0,0.0,0,0,10000,1,4,0.0,1.0,0.0,0.0,228670012.0,0,2022.0,7.0,2022,7,0,0,0,0,0,0,0,0,1,1,0,0,0,0,0,0,0,0,0,0,0,0,0,0,0,0,0,0
CRYSTAL INDUSTRIES,24862.0,7560.0,0.0,44950.29,800.0,0.0,0.0,0.1111111111111111,0.0,7560.0,0.0,1,1,200,9,59,0.0,1.0,0.0,0.0,228670012.0,0,2022.0,4.0,2021,7,0,0,0,0,0,0,0,0,1,1,0,0,0,0,0,0,0,0,0,0,0,0,0,0,0,0,0,0
CTK AUDIT,0.0,0.0,0.0,399.7,0.0,0.0,0.0,0.0,0.0,0.0,0.0,0,0,50,1,74,0.0,0.0,0.0,0.0,228670012.0,0,2021.0,12.0,2022,1,0,0,0,0,0,0,0,0,0,0,0,0,0,0,0,0,0,0,0,0,0,0,0,0,0,0,0,0
Cafe Bondin,0.0,0.0,0.0,0.0,65500.0,0.0,0.0,0.0,0.0,0.0,0.0,0,0,250,2,20,0.0,0.0,0.0,0.0,228670012.0,0,2022.0,12.0,2022,4,0,0,0,0,0,0,0,0,0,0,0,0,0,0,0,0,0,0,0,0,0,0,0,0,0,0,0,0
Caisse des Dépots et Consignations,0.0,56992.0,478975.46,2968.0,58592.0,264487.73,0.0,0.1111111111111111,0.0,1200.0,0.0,1,1,200,9,65,0.0,1.0,0.0,0.0,228670004.0,0,2023.0,9.0,2021,7,0,0,1,1,0,0,0,0,0,0,0,0,0,0,0,0,0,0,0,0,0,0,0,0,0,0,0,0
Carrelages Choisis,0.0,0.0,0.0,2686.5,0.0,0.0,0.0,0.0,0.0,0.0,0.0,0,0,150,1,15,0.0,0.0,0.0,0.0,228670012.0,0,2021.0,12.0,2021,9,0,0,0,0,0,0,0,0,0,0,0,0,0,0,0,0,0,0,0,0,0,0,0,0,0,0,0,0
Carthage industries,0.0,0.0,0.0,0.0,16000.0,0.0,0.0,0.0,0.0,0.0,0.0,0,0,50,1,59,0.0,0.0,0.0,0.0,228670012.0,0,2022.0,11.0,2022,8,0,0,0,0,0,0,0,0,0,0,0,0,0,0,0,0,0,0,0,0,0,0,0,0,0,0,0,0
Centre de Biotechnologie Borj Cedria,0.0,0.0,0.0,11520.0,0.0,0.0,0.0,0.0,0.0,0.0,0.0,0,0,158,1,59,0.0,0.0,0.0,0.0,228670012.0,0,2021.0,12.0,2021,11,0,0,0,0,0,0,0,0,0,0,0,0,0,0,0,0,0,0,0,0,0,0,0,0,0,0,0,0
Centre de recherche et des etudes sociales (CRES),6300.0,3150.0,0.0,0.0,0.0,0.0,0.0,0.3333333333333333,6300.0,3150.0,0.0,0,0,100,3,74,0.0,1.0,0.0,0.0,228670012.0,0,2022.0,1.0,2021,9,0,0,0,0,0,0,0,0,1,1,0,0,0,0,0,0,0,0,0,0,0,0,0,0,0,0,0,0
Clevory Training,0.0,4000.0,0.0,0.0,0.0,0.0,0.0,1.0,0.0,4000.0,0.0,0,0,26,1,74,0.0,1.0,0.0,0.0,228670006.0,0,2022.0,6.0,2022,6,0,0,0,0,0,0,0,0,0,0,0,0,0,0,1,1,0,0,0,0,0,0,0,0,0,0,1,0
Clinique International Hannibal,0.0,0.0,0.0,0.0,12000.0,0.0,0.0,0.0,0.0,0.0,0.0,0,0,100,1,12,0.0,0.0,0.0,0.0,228670012.0,0,2022.0,3.0,2021,11,0,0,0,0,0,0,0,0,0,0,0,0,0,0,0,0,0,0,0,0,0,0,0,0,0,0,0,0
Clinique Ophtalmo du Lac - C.M.A -,6912.66,16350.86,3346.16,0.0,29811.58,0.0,0.0,0.6153846153846154,3156.19,13194.07,3346.16,0,1,200,13,12,2.0,5.0,1.0,0.0,228670006.0,1,2023.0,1.0,2021,7,0,0,0,0,0,0,1,2,1,5,1,1,0,0,0,0,0,0,0,0,0,0,0,0,0,1,0,0
Clinisys,0.0,2250.0,0.0,10079.31,60807.55,37524.36,0.0,0.0,0.0,0.0,0.0,0,1,100,10,55,0.0,0.0,0.0,0.0,228670012.0,0,2023.0,12.0,2021,9,0,0,0,0,0,0,0,0,0,0,0,0,0,0,0,0,0,0,0,0,0,0,0,0,0,0,0,0
Cloud Shift,0.0,0.0,0.0,0.0,32173.5,0.0,0.0,0.0,0.0,0.0,0.0,0,0,15,1,55,0.0,0.0,0.0,0.0,228670012.0,0,2022.0,3.0,2022,3,0,0,0,0,0,0,0,0,0,0,0,0,0,0,0,0,0,0,0,0,0,0,0,0,0,0,0,0
Cofat,0.0,0.0,2500.0,0.0,10000.0,0.0,0.0,0.0,0.0,0.0,0.0,0,1,1000,2,74,0.0,0.0,0.0,0.0,228670012.0,0,2023.0,2.0,2022,3,0,0,0,0,0,0,0,0,0,0,0,0,0,0,0,0,0,0,0,0,0,0,0,0,0,0,0,0
Colmar,0.0,0.0,0.0,0.0,0.0,3622.4,0.0,0.0,0.0,0.0,0.0,0,0,80,1,17,0.0,0.0,0.0,0.0,228670012.0,0,2023.0,3.0,2023,2,0,0,0,0,0,0,0,0,0,0,0,0,0,0,0,0,0,0,0,0,0,0,0,0,0,0,0,0
Compagnie Tuniso Koweito Chinoise de Pétrole,0.0,0.0,0.0,1850.0,0.0,0.0,0.0,0.0,0.0,0.0,0.0,0,0,150,1,17,0.0,0.0,0.0,0.0,228670012.0,0,2021.0,11.0,2021,11,0,0,0,0,0,0,0,0,0,0,0,0,0,0,0,0,0,0,0,0,0,0,0,0,0,0,0,0
Consilium,0.0,0.0,0.0,0.0,6504.65,0.0,0.0,0.0,0.0,0.0,0.0,0,0,50,2,55,0.0,0.0,0.0,0.0,228670012.0,0,2022.0,10.0,2022,7,0,0,0,0,0,0,0,0,0,0,0,0,0,0,0,0,0,0,0,0,0,0,0,0,0,0,0,0
Cours des comptes,0.0,8900.0,0.0,0.0,0.0,0.0,0.0,0.0,0.0,0.0,0.0,0,0,50,1,11,0.0,0.0,0.0,0.0,228670012.0,0,2022.0,6.0,2021,9,0,0,0,0,0,0,0,0,0,0,0,0,0,0,0,0,0,0,0,0,0,0,0,0,0,0,0,0
D4B,0.0,0.0,0.0,3890.0,0.0,0.0,0.0,0.0,0.0,0.0,0.0,0,0,150,1,74,0.0,0.0,0.0,0.0,228670012.0,0,2021.0,12.0,2021,10,0,0,0,0,0,0,0,0,0,0,0,0,0,0,0,0,0,0,0,0,0,0,0,0,0,0,0,0
DEFENSY,0.0,1040.0,0.0,0.0,365.3,0.0,0.0,0.5,0.0,1040.0,0.0,0,1,25,2,55,0.0,1.0,0.0,0.0,228670004.0,0,2022.0,5.0,2022,1,0,0,1,1,0,0,0,0,0,0,0,0,0,0,0,0,0,0,0,0,0,0,0,0,0,0,0,0
DELICE HOLDING,14250.0,54682.0,219359.22,0.0,200408.57,598718.44,0.0,0.3333333333333333,14250.0,9694.0,219359.22,1,1,1000,12,59,1.0,2.0,1.0,1.0,228670006.0,1,2023.0,6.0,2021,9,1,1,0,0,1,1,0,0,1,1,0,0,0,0,1,1,0,0,0,0,0,0,0,0,1,0,0,1
DOREMAIL,0.0,0.0,0.0,2892.0,2031.0,0.0,0.0,0.0,0.0,0.0,0.0,0,0,50,2,74,0.0,0.0,0.0,0.0,228670012.0,0,2022.0,10.0,2021,9,0,0,0,0,0,0,0,0,0,0,0,0,0,0,0,0,0,0,0,0,0,0,0,0,0,0,0,0
DZETA,12042.0,0.0,0.0,56807.75,0.0,0.0,0.0,0.0769230769230769,10242.0,0.0,0.0,0,1,100,13,74,1.0,0.0,0.0,0.0,228670005.0,0,2021.0,12.0,2021,7,1,1,0,0,0,0,0,0,0,0,0,0,0,0,0,0,0,0,0,0,0,0,0,0,0,0,0,0
Dataxion,0.0,0.0,18000.0,0.0,0.0,0.0,0.0,0.0,0.0,0.0,0.0,0,1,150,2,55,0.0,0.0,0.0,0.0,228670012.0,0,2023.0,2.0,2022,5,0,0,0,0,1,1,0,0,0,0,0,0,0,0,0,0,0,0,0,0,0,0,0,0,0,0,0,0
Delta Cuisine,0.0,0.0,39684.0,0.0,0.0,119052.0,0.0,0.0,0.0,0.0,0.0,0,1,100,4,59,0.0,0.0,0.0,0.0,228670012.0,0,2023.0,3.0,2023,2,0,0,0,0,0,0,0,0,0,0,0,0,0,0,0,0,0,0,0,0,0,0,0,0,0,0,0,0
ECUMED PETROLEUM ZARZIS,0.0,0.0,0.0,74082.47,143724.54,68941.54,0.0,0.0,0.0,0.0,0.0,0,1,500,25,17,0.0,0.0,0.0,0.0,228670012.0,0,2023.0,12.0,2021,7,0,0,0,0,0,0,0,0,0,0,0,0,0,0,0,0,0,0,0,0,0,0,0,0,0,0,0,0
ENIS,0.0,0.0,0.0,0.0,545.0,0.0,0.0,0.0,0.0,0.0,0.0,0,0,100,1,16,0.0,0.0,0.0,0.0,228670012.0,0,2022.0,2.0,2021,12,0,0,0,0,0,0,0,0,0,0,0,0,0,0,0,0,0,0,0,0,0,0,0,0,0,0,0,0
ENNAKEL,0.0,16050.0,0.0,0.0,0.0,0.0,0.0,0.25,0.0,750.0,0.0,0,0,296,4,20,0.0,1.0,0.0,0.0,228670012.0,0,2022.0,9.0,2021,7,0,0,1,1,0,0,0,0,0,0,0,0,0,0,0,0,0,0,0,0,0,0,0,0,0,0,0,0
ENNAKL,0.0,0.0,0.0,0.0,90200.0,0.0,0.0,0.0,0.0,0.0,0.0,0,0,296,4,20,0.0,0.0,0.0,0.0,228670012.0,0,2022.0,10.0,2022,9,0,0,0,0,0,0,0,0,0,0,0,0,0,0,0,0,0,0,0,0,0,0,0,0,0,0,0,0
ENSIT,0.0,39710.0,0.0,0.0,0.0,0.0,0.0,0.0,0.0,0.0,0.0,0,0,100,1,16,0.0,0.0,0.0,0.0,228670012.0,0,2022.0,7.0,2022,3,0,0,0,0,0,0,0,0,0,0,0,0,0,0,0,0,0,0,0,0,0,0,0,0,0,0,0,0
EO DATA CENTER,33288.0,0.0,0.0,0.0,0.0,0.0,0.0,0.0,0.0,0.0,0.0,1,0,50,2,55,0.0,0.0,0.0,0.0,228670012.0,0,2021.0,5.0,2021,7,0,0,0,0,0,0,0,0,0,0,0,0,0,0,0,0,0,0,0,0,0,0,0,0,0,0,0,0
EPPM,0.0,9000.0,0.0,0.0,8078.0,0.0,0.0,0.0,0.0,0.0,0.0,0,1,651,2,17,0.0,0.0,0.0,0.0,228670012.0,0,2022.0,11.0,2022,6,0,0,0,0,0,0,0,0,0,0,0,0,0,0,0,0,0,0,0,0,0,0,0,0,0,0,0,0
ETAP,0.0,76600.0,0.0,0.0,638525.0,0.0,0.0,0.1428571428571428,0.0,23400.0,0.0,0,1,500,7,17,0.0,1.0,0.0,0.0,228670004.0,0,2022.0,12.0,2022,1,0,0,1,1,0,0,0,0,0,0,0,0,0,0,0,0,0,0,0,0,0,0,0,0,0,0,0,0
EUROMAG,0.0,0.0,0.0,0.0,650.0,0.0,0.0,0.0,0.0,0.0,0.0,0,0,50,1,59,0.0,0.0,0.0,0.0,228670012.0,0,2022.0,3.0,2022,1,0,0,0,0,0,0,0,0,0,0,0,0,0,0,0,0,0,0,0,0,0,0,0,0,0,0,0,0
EY Tunisie,0.0,8850.0,181910.0,0.0,52864.28,209083.04,0.0,0.4117647058823529,0.0,8850.0,1200.0,1,1,2000,17,74,0.0,3.0,4.0,0.0,228670004.0,1,2023.0,12.0,2022,2,0,0,1,3,1,1,0,0,0,0,0,0,0,0,0,0,0,0,0,0,0,0,0,0,1,0,0,1
Ecole polytechnique Sousse,0.0,0.0,0.0,0.0,20000.0,0.0,0.0,0.0,0.0,0.0,0.0,0,0,100,1,16,0.0,0.0,0.0,0.0,228670012.0,0,2022.0,6.0,2021,11,0,0,0,0,0,0,0,0,0,0,0,0,0,0,0,0,0,0,0,0,0,0,0,0,0,0,0,0
Educanet,0.0,0.0,0.0,0.0,0.0,10000.0,0.0,0.0,0.0,0.0,0.0,0,0,50,1,16,0.0,0.0,0.0,0.0,228670012.0,0,2023.0,6.0,2022,9,0,0,0,0,0,0,0,0,0,0,0,0,0,0,0,0,0,0,0,0,0,0,0,0,0,0,0,0
El Amana Takaful,0.0,0.0,0.0,0.0,0.0,287000.0,0.0,0.0,0.0,0.0,0.0,0,0,91,1,74,0.0,0.0,0.0,0.0,228670012.0,0,2023.0,3.0,2022,6,0,0,0,0,0,0,0,0,0,0,0,0,0,0,0,0,0,0,0,0,0,0,0,0,0,0,0,0
El kanaouet,0.0,0.0,0.0,0.0,0.0,10000.0,0.0,0.0,0.0,0.0,0.0,0,0,200,1,59,0.0,0.0,0.0,0.0,228670012.0,0,2023.0,8.0,2022,5,0,0,0,0,0,0,0,0,0,0,0,0,0,0,0,0,0,0,0,0,0,0,0,0,0,0,0,0
Enertech Group,0.0,17582.39,0.0,0.0,17582.39,0.0,0.0,0.0,0.0,0.0,0.0,0,1,50,2,59,0.0,0.0,0.0,0.0,228670012.0,0,2022.0,7.0,2022,5,0,0,0,0,0,0,0,0,0,0,0,0,0,0,0,0,0,0,0,0,0,0,0,0,0,0,0,0
Etanchéité,0.0,0.0,15450.0,13712.0,36861.1,33575.89,0.0,0.0,0.0,0.0,0.0,0,1,100,13,20,0.0,0.0,0.0,0.0,228670012.0,0,2023.0,6.0,2021,12,0,0,0,0,0,0,0,0,0,0,0,0,0,0,0,0,0,0,0,0,0,0,0,0,0,0,0,0
Evo Events DMCC,0.0,10000.0,0.0,0.0,0.0,0.0,0.0,1.0,0.0,10000.0,0.0,0,0,50,1,74,0.0,1.0,0.0,0.0,228670021.0,0,2022.0,9.0,2022,9,0,0,1,1,0,0,0,0,0,0,0,0,0,0,0,0,0,0,0,0,0,0,0,0,0,0,0,0
FEAC,0.0,0.0,0.0,0.0,882.0,0.0,0.0,0.0,0.0,0.0,0.0,0,0,50,1,4,0.0,0.0,0.0,0.0,228670012.0,0,2022.0,6.0,2022,6,0,0,0,0,0,0,0,0,0,0,0,0,0,0,0,0,0,0,0,0,0,0,0,0,0,0,0,0
FOCUS,86362.7,0.0,0.0,343200.8,106822.5,0.0,0.0,0.0,85087.7,0.0,0.0,1,1,817,16,55,0.0,0.0,0.0,0.0,228670012.0,0,2022.0,9.0,2021,10,0,0,0,0,0,0,0,0,0,0,0,0,0,0,0,0,0,0,1,1,0,0,0,0,0,0,0,1
FOUNA,0.0,0.0,0.0,20000.0,0.0,0.0,0.0,0.0,0.0,0.0,0.0,0,0,70,2,4,0.0,0.0,0.0,0.0,228670012.0,0,2021.0,7.0,2021,7,0,0,0,0,0,0,0,0,0,0,0,0,0,0,0,0,0,0,0,0,0,0,0,0,0,0,0,0
FSEG MAHDIA,0.0,7960.0,0.0,0.0,6000.0,0.0,0.0,0.0,0.0,0.0,0.0,0,1,200,2,16,0.0,0.0,0.0,0.0,228670012.0,0,2022.0,11.0,2022,2,0,0,0,0,0,0,0,0,0,0,0,0,0,0,0,0,0,0,0,0,0,0,0,0,0,0,0,0
Faurecia,0.0,0.0,0.0,0.0,136602.0,0.0,0.0,0.0,0.0,0.0,0.0,0,0,2000,2,55,0.0,0.0,0.0,0.0,228670012.0,0,2022.0,10.0,2022,4,0,0,0,0,0,0,0,0,0,0,0,0,0,0,0,0,0,0,0,0,0,0,0,0,0,0,0,0
Filet sociaux de sécurité COMORES,0.0,0.0,28380.0,0.0,0.0,28380.0,0.0,0.0,0.0,0.0,0.0,0,1,100,2,74,0.0,0.0,0.0,0.0,228670012.0,0,2023.0,3.0,2022,12,0,0,0,0,0,0,0,0,0,0,0,0,0,0,0,0,1,1,0,0,0,0,0,0,0,0,0,0
Fondinor,0.0,0.0,23400.0,0.0,0.0,113199.45,0.0,0.0,0.0,0.0,0.0,0,1,200,4,59,0.0,0.0,0.0,0.0,228670012.0,0,2023.0,4.0,2023,2,0,0,0,0,1,1,0,0,0,0,0,0,0,0,0,0,0,0,0,0,0,0,0,0,0,0,0,0
GS ICT Algerie,0.0,0.0,7396.6,0.0,0.0,876912.54,0.0,0.0,0.0,0.0,0.0,0,1,50,4,55,0.0,0.0,0.0,0.0,228670012.0,0,2023.0,3.0,2022,11,0,0,0,0,0,0,0,0,0,0,0,0,0,0,0,0,0,0,0,0,0,0,0,0,0,0,0,0
Global Print,0.0,0.0,0.0,0.0,0.0,3207.0,0.0,0.0,0.0,0.0,0.0,0,0,200,2,59,0.0,0.0,0.0,0.0,228670012.0,0,2023.0,2.0,2023,2,0,0,0,0,0,0,0,0,0,0,0,0,0,0,0,0,0,0,0,0,0,0,0,0,0,0,0,0
Gondwana,0.0,300.0,0.0,588.7,6001.099999999999,2995.0,0.0,0.1428571428571428,0.0,300.0,0.0,0,1,50,7,55,0.0,1.0,0.0,0.0,228670004.0,0,2023.0,2.0,2021,12,0,0,1,1,0,0,0,0,0,0,0,0,0,0,0,0,0,0,0,0,0,0,0,0,0,0,0,0
Groupe Amer 'Carrelage choisis ',0.0,12165.0,0.0,0.0,12165.0,0.0,0.0,0.0,0.0,0.0,0.0,0,1,500,2,59,0.0,0.0,0.0,0.0,228670012.0,0,2022.0,5.0,2021,11,0,0,0,0,0,0,0,0,0,0,0,0,0,0,0,0,0,0,0,0,0,0,0,0,0,0,0,0
Groupe Mabrouk ( Siege COPIT ),0.0,0.0,0.0,0.0,14500.0,0.0,0.0,0.0,0.0,0.0,0.0,0,0,1000,1,74,0.0,0.0,0.0,0.0,228670012.0,0,2022.0,5.0,2022,4,0,0,0,0,0,0,0,0,0,0,0,0,0,0,0,0,0,0,0,0,0,0,0,0,0,0,0,0
Groupe Magic Online,0.0,0.0,98100.0,0.0,0.0,0.0,0.0,0.0,0.0,0.0,0.0,0,0,83,1,4,0.0,0.0,0.0,0.0,228670012.0,0,2023.0,6.0,2023,2,0,0,0,0,0,0,0,0,0,0,0,0,0,0,0,0,0,0,0,0,0,0,0,0,0,0,0,0
Groupe SOROUBAT,0.0,0.0,0.0,0.0,1708.0,0.0,0.0,0.0,0.0,0.0,0.0,0,0,246,1,59,0.0,0.0,0.0,0.0,228670012.0,0,2022.0,6.0,2022,3,0,0,0,0,0,0,0,0,0,0,0,0,0,0,0,0,0,0,0,0,0,0,0,0,0,0,0,0
Groupe joosoor,0.0,12900.0,0.0,0.0,0.0,0.0,0.0,0.0,0.0,0.0,0.0,0,0,500,1,74,0.0,0.0,0.0,0.0,228670012.0,0,2022.0,6.0,2022,3,0,0,0,0,0,0,0,0,0,0,0,0,0,0,0,0,0,0,0,0,0,0,0,0,0,0,0,0
Grp Poulina - Aster Informatique,0.0,23250.0,0.0,389598.4,356291.3,365319.02,0.0,1.0,0.0,10000.0,0.0,0,1,1000,1,59,0.0,1.0,0.0,0.0,228670004.0,0,2023.0,12.0,2021,9,0,0,1,1,0,0,0,0,0,0,0,0,0,0,0,0,0,0,0,0,0,0,0,0,0,0,0,0
HM-CONSULT,0.0,9552.84,0.0,0.0,9552.84,0.0,0.0,0.0,0.0,0.0,0.0,0,1,50,2,74,0.0,0.0,0.0,0.0,228670012.0,0,2022.0,12.0,2022,10,0,0,0,0,0,0,0,0,0,0,0,0,0,0,0,0,0,0,0,0,0,0,0,0,0,0,0,0
HONDA,0.0,4950.0,0.0,0.0,7095.0,0.0,0.0,0.0,0.0,0.0,0.0,0,1,50,3,20,0.0,0.0,0.0,0.0,228670012.0,0,2022.0,4.0,2022,3,0,0,0,0,0,0,0,0,0,0,0,0,0,0,0,0,0,0,0,0,0,0,0,0,0,0,0,0
HR-MAPS,0.0,0.0,21406.47,0.0,0.0,7966.47,0.0,0.0,0.0,0.0,0.0,0,1,50,3,55,0.0,0.0,0.0,0.0,228670012.0,0,2023.0,5.0,2022,12,0,0,0,0,0,0,0,0,0,0,0,0,0,0,0,0,0,0,0,0,0,0,0,0,0,0,0,0
Hannibal Lease,9396.52,106101.0,41813.0,92500.0,191399.65,136853.0,0.0,0.15625,9396.52,26916.5,9960.0,1,1,100,32,65,0.0,4.0,1.0,0.0,228670012.0,1,2023.0,12.0,2021,9,0,0,1,1,0,0,0,0,1,2,1,1,0,0,1,1,0,0,0,0,0,0,0,0,0,1,1,1
Hello Tour,0.0,0.0,0.0,0.0,2020.0,0.0,0.0,0.0,0.0,0.0,0.0,0,0,50,2,74,0.0,0.0,0.0,0.0,228670012.0,0,2022.0,2.0,2021,12,0,0,0,0,0,0,0,0,0,0,0,0,0,0,0,0,0,0,0,0,0,0,0,0,0,0,0,0
Hello Tours,0.0,0.0,0.0,1160.1,0.0,0.0,0.0,0.0,0.0,0.0,0.0,0,0,50,2,74,0.0,0.0,0.0,0.0,228670012.0,0,2021.0,12.0,2021,11,0,0,0,0,0,0,0,0,0,0,0,0,0,0,0,0,0,0,0,0,0,0,0,0,0,0,0,0
Hmida Karboul :IBM Software Services Partner,0.0,0.0,0.0,0.0,3000.0,0.0,0.0,0.0,0.0,0.0,0.0,0,0,10,1,74,0.0,0.0,0.0,0.0,228670012.0,0,2022.0,5.0,2022,2,0,0,0,0,0,0,0,0,0,0,0,0,0,0,0,0,0,0,0,0,0,0,0,0,0,0,0,0
Home sweet home HSH,0.0,0.0,0.0,0.0,10632.0,0.0,0.0,0.0,0.0,0.0,0.0,0,0,20,1,74,0.0,0.0,0.0,0.0,228670012.0,0,2022.0,3.0,2021,11,0,0,0,0,0,0,0,0,0,0,0,0,0,0,0,0,0,0,0,0,0,0,0,0,0,0,0,0
Hygiene Indusrielle,0.0,6000.0,0.0,13326.7,16294.85,15357.88,0.0,0.0,0.0,0.0,0.0,0,1,200,4,59,0.0,0.0,0.0,0.0,228670012.0,0,2023.0,2.0,2021,9,0,0,0,0,0,0,0,0,0,0,0,0,0,0,0,0,0,0,0,0,0,0,0,0,0,0,0,0
Hôtel Carlton,0.0,0.0,40023.0,0.0,0.0,120069.0,0.0,0.0,0.0,0.0,0.0,0,1,50,4,74,0.0,0.0,0.0,0.0,228670012.0,0,2023.0,5.0,2023,3,0,0,0,0,0,0,0,0,0,0,0,0,0,0,0,0,0,0,0,0,0,0,0,0,0,0,0,0
IA-TECH-NET,0.0,22400.0,0.0,0.0,34400.0,0.0,0.0,0.0,0.0,0.0,0.0,0,1,50,3,55,0.0,0.0,0.0,0.0,228670012.0,0,2022.0,9.0,2022,3,0,0,0,0,0,0,0,0,0,0,0,0,0,0,0,0,0,0,0,0,0,0,0,0,0,0,0,0
IBL Production,0.0,0.0,0.0,4724.9,5605.5,0.0,0.0,0.0,0.0,0.0,0.0,0,0,20,2,74,0.0,0.0,0.0,0.0,228670012.0,0,2022.0,12.0,2021,11,0,0,0,0,0,0,0,0,0,0,0,0,0,0,0,0,0,0,0,0,0,0,0,0,0,0,0,0
IDLINK,0.0,0.0,0.0,46218.53,83352.92000000001,0.0,0.0,0.0,0.0,0.0,0.0,0,0,50,11,74,0.0,0.0,0.0,0.0,228670012.0,0,2022.0,12.0,2021,7,0,0,0,0,0,0,0,0,0,0,0,0,0,0,0,0,0,0,0,0,0,0,0,0,0,0,0,0
IDVEY,0.0,0.0,0.0,30305.56,0.0,0.0,0.0,0.0,0.0,0.0,0.0,0,0,50,4,74,0.0,0.0,0.0,0.0,228670012.0,0,2021.0,11.0,2021,11,0,0,0,0,0,0,0,0,0,0,0,0,0,0,0,0,0,0,0,0,0,0,0,0,0,0,0,0
IFM,0.0,0.0,0.0,0.0,4964.5,0.0,0.0,0.0,0.0,0.0,0.0,0,0,55,1,8,0.0,0.0,0.0,0.0,228670012.0,0,2022.0,7.0,2022,6,0,0,0,0,0,0,0,0,0,0,0,0,0,0,0,0,0,0,0,0,0,0,0,0,0,0,0,0
INDIGO Business Solutions,0.0,0.0,26400.0,2661.4,0.0,0.0,0.0,0.0,0.0,0.0,0.0,0,1,50,2,55,0.0,0.0,0.0,0.0,228670012.0,0,2023.0,6.0,2021,11,0,0,0,0,0,0,0,0,0,0,0,0,0,0,0,0,0,0,0,0,0,0,0,0,0,0,0,0
INFO PRO,0.0,0.0,0.0,9800.0,0.0,0.0,0.0,0.0,0.0,0.0,0.0,0,0,1000,2,55,0.0,0.0,0.0,0.0,228670012.0,0,2021.0,7.0,2021,7,0,0,0,0,0,0,0,0,0,0,0,0,0,0,0,0,0,0,0,0,0,0,0,0,0,0,0,0
INNOVICITY TUNISIE,4789.1,0.0,0.0,0.0,0.0,0.0,0.0,1.0,4789.1,0.0,0.0,0,0,100,1,55,1.0,0.0,0.0,0.0,228670012.0,0,2021.0,12.0,2022,1,0,0,0,0,0,0,1,1,0,0,0,0,0,0,0,0,0,0,0,0,0,0,0,0,0,0,0,0
INTERMETAL,0.0,0.0,0.0,12083.0,17029.61,0.0,0.0,0.0,0.0,0.0,0.0,0,0,112,6,59,0.0,0.0,0.0,0.0,228670012.0,0,2022.0,12.0,2021,8,0,0,0,0,0,0,0,0,0,0,0,0,0,0,0,0,0,0,0,0,0,0,0,0,0,0,0,0
ISC (Ecole Internationale de carthage),4281.17,700.0,0.0,7202.34,4008.0,0.0,0.0,0.125,4281.17,0.0,0.0,0,1,200,8,16,1.0,0.0,0.0,0.0,228670006.0,0,2022.0,12.0,2021,9,0,0,0,0,0,0,0,0,0,0,0,0,0,0,0,0,0,0,0,0,0,0,0,0,0,0,0,0
ISIE,0.0,0.0,0.0,0.0,80000.0,0.0,0.0,0.0,0.0,0.0,0.0,0,0,100,1,16,0.0,0.0,0.0,0.0,228670012.0,0,2022.0,12.0,2022,12,0,0,0,0,0,0,0,0,0,0,0,0,0,0,0,0,0,0,0,0,0,0,0,0,0,0,0,0
ITC,0.0,0.0,0.0,0.0,8930.0,0.0,0.0,0.0,0.0,0.0,0.0,0,0,20,1,74,0.0,0.0,0.0,0.0,228670012.0,0,2022.0,5.0,2022,3,0,0,0,0,0,0,0,0,0,0,0,0,0,0,0,0,0,0,0,0,0,0,0,0,0,0,0,0
IWAY,9900.0,0.0,0.0,85000.0,0.0,0.0,0.0,0.0,0.0,0.0,0.0,0,1,200,2,55,0.0,0.0,0.0,0.0,228670012.0,0,2021.0,7.0,2021,7,0,0,0,0,0,0,0,0,0,0,0,0,0,0,0,0,0,0,0,0,0,0,0,0,0,0,0,0
IXIA Cosmetics,5305.0,5305.98,10928.9,9058.0,29791.0,18888.2,0.0,0.1875,5305.0,5305.98,10928.9,0,1,200,16,59,0.0,2.0,1.0,0.0,228670012.0,1,2023.0,7.0,2021,7,0,0,0,0,0,0,0,0,1,1,1,2,0,0,0,0,0,0,0,0,0,0,0,0,0,1,0,0
Identity & Partners SA,0.0,5000.0,0.0,1738.0,2700.5,0.0,0.0,0.0,0.0,0.0,0.0,0,1,20,3,74,0.0,0.0,0.0,0.0,228670012.0,0,2022.0,4.0,2021,9,0,0,0,0,0,0,0,0,0,0,0,0,0,0,0,0,0,0,0,0,0,0,0,0,0,0,0,0
Innovative Production service,0.0,0.0,0.0,0.0,1110.0,3737.4,0.0,0.0,0.0,0.0,0.0,0,0,10,3,17,0.0,0.0,0.0,0.0,228670012.0,0,2023.0,2.0,2022,2,0,0,0,0,0,0,0,0,0,0,0,0,0,0,0,0,0,0,0,0,0,0,0,0,0,0,0,0
Instance nationale des télécommunications (INTT),0.0,5000.0,0.0,0.0,35200.0,0.0,0.0,0.0,0.0,0.0,0.0,0,1,100,3,8,0.0,0.0,0.0,0.0,228670012.0,0,2022.0,8.0,2021,11,0,0,0,0,0,0,0,0,0,0,0,0,0,0,0,0,0,0,0,0,0,0,0,0,0,0,0,0
International  Freight & Commerce (IFC),0.0,7199.0,0.0,4240.0,23278.0,0.0,0.0,0.0,0.0,0.0,0.0,0,0,100,6,65,0.0,0.0,0.0,0.0,228670012.0,0,2022.0,8.0,2021,7,0,0,0,0,0,0,0,0,0,0,0,0,0,0,0,0,0,0,0,0,0,0,0,0,0,0,0,0
Iserv solutions,0.0,87189.49,0.0,0.0,87189.49,0.0,0.0,0.0,0.0,0.0,0.0,0,1,50,2,55,0.0,0.0,0.0,0.0,228670012.0,0,2022.0,1.0,2021,11,0,0,0,0,0,0,0,0,0,0,0,0,0,0,0,0,0,0,0,0,0,0,0,0,0,0,0,0
Judy,0.0,0.0,41400.0,0.0,0.0,71400.0,0.0,0.0,0.0,0.0,0.0,0,1,500,4,59,0.0,0.0,0.0,0.0,228670012.0,0,2023.0,6.0,2022,7,0,0,0,0,0,0,0,0,0,0,0,0,0,0,0,0,0,0,0,0,0,0,0,0,0,0,0,0
Jumia,0.0,0.0,0.0,0.0,115000.0,0.0,0.0,0.0,0.0,0.0,0.0,0,0,200,2,4,0.0,0.0,0.0,0.0,228670012.0,0,2022.0,5.0,2022,2,0,0,0,0,0,0,0,0,0,0,0,0,0,0,0,0,0,0,0,0,0,0,0,0,0,0,0,0
KACEM HOLDING,0.0,160009.98,94050.6,0.0,80004.99,93150.6,0.0,0.0,0.0,0.0,0.0,1,1,50,10,59,0.0,0.0,0.0,0.0,228670012.0,0,2023.0,4.0,2022,8,0,0,0,0,1,2,0,0,0,0,0,0,0,0,0,0,0,0,0,0,0,0,0,0,0,0,0,1
KAPROPHA,3050.0,27001.7,10587.5,0.0,30336.7,21175.0,0.0,0.1111111111111111,0.0,0.0,0.0,0,1,200,9,12,0.0,1.0,0.0,0.0,228670004.0,0,2023.0,3.0,2021,9,0,0,1,1,0,0,0,0,0,0,0,0,0,0,0,0,0,0,0,0,0,0,0,0,0,0,0,0
KDAMAK,0.0,9010.0,40560.0,0.0,23060.0,60244.0,0.0,0.0909090909090909,0.0,9010.0,0.0,1,1,100,11,6,0.0,1.0,0.0,0.0,228670012.0,0,2023.0,6.0,2021,7,0,0,0,0,0,0,0,0,1,1,0,0,0,0,0,0,0,0,0,0,0,0,0,0,0,0,0,1
KPMG Entreprises SARL,15780.0,2560.0,99000.0,0.0,0.0,122200.0,0.0,0.4545454545454545,14880.0,2560.0,0.0,1,1,200,11,74,4.0,1.0,0.0,0.0,228670004.0,0,2023.0,6.0,2021,11,1,1,1,1,0,0,0,0,0,0,0,0,1,3,0,0,0,0,0,0,0,0,0,0,0,0,0,1
LC Partners,0.0,0.0,0.0,1580.0,2395.0,0.0,0.0,0.0,0.0,0.0,0.0,0,0,12,3,74,0.0,0.0,0.0,0.0,228670012.0,0,2022.0,10.0,2021,10,0,0,0,0,0,0,0,0,0,0,0,0,0,0,0,0,0,0,0,0,0,0,0,0,0,0,0,0
LE MATERIEL S.A,0.0,8325.9,0.0,23347.8,47294.7,5625.0,0.0,1.0,0.0,8325.9,0.0,0,1,200,1,20,0.0,1.0,0.0,0.0,228670012.0,0,2023.0,2.0,2021,9,0,0,0,0,0,0,0,0,1,1,0,0,0,0,0,0,0,0,0,0,0,0,0,0,0,0,0,0
LE MOTEUR,0.0,0.0,0.0,19371.1,554.1,0.0,0.0,0.0,0.0,0.0,0.0,0,0,200,9,20,0.0,0.0,0.0,0.0,228670012.0,0,2022.0,12.0,2021,9,0,0,0,0,0,0,0,0,0,0,0,0,0,0,0,0,0,0,0,0,0,0,0,0,0,0,0,0
LLOYD ASSURANCES,0.0,0.0,30000.0,0.0,0.0,0.0,0.0,0.0,0.0,0.0,0.0,0,0,200,1,65,0.0,0.0,0.0,0.0,228670012.0,0,2023.0,9.0,2022,12,0,0,0,0,0,0,0,0,0,0,0,0,0,0,0,0,0,0,0,0,0,0,0,0,0,0,0,0
La Rose Blanche,0.0,17274.0,2500.0,0.0,37350.0,0.0,0.0,0.3333333333333333,0.0,10074.0,0.0,0,1,1000,12,59,0.0,4.0,0.0,0.0,228670006.0,0,2023.0,4.0,2021,11,0,0,0,0,0,0,0,0,0,0,0,0,0,0,1,4,0,0,0,0,0,0,0,0,0,0,0,0
La Société de Promotion du Lac de Tunis (SPLT),55600.0,0.0,0.0,30098.6,0.0,0.0,0.0,0.0,0.0,0.0,0.0,0,1,50,3,74,0.0,0.0,0.0,0.0,228670012.0,0,2021.0,12.0,2021,7,0,0,0,0,0,0,0,0,0,0,0,0,0,0,0,0,0,0,0,0,0,0,0,0,0,0,0,0
La bourse des valeurs mobilières de Tunis,61043.33,0.0,0.0,82915.3,69359.48000000001,17867.27,0.0,0.0,0.0,0.0,0.0,0,1,50,7,65,0.0,0.0,0.0,0.0,228670012.0,0,2023.0,5.0,2021,7,0,0,0,0,0,0,0,0,0,0,0,0,0,0,0,0,0,0,0,0,0,0,0,0,0,0,0,0
Lectric,0.0,0.0,16500.0,0.0,0.0,0.0,0.0,0.0,0.0,0.0,0.0,0,0,20,1,8,0.0,0.0,0.0,0.0,228670012.0,0,2023.0,3.0,2022,12,0,0,0,0,0,0,0,0,0,0,0,0,0,0,0,0,0,0,0,0,0,0,0,0,0,0,0,0
Lycée Gustave Flaubert,0.0,0.0,0.0,7890.0,9723.78,0.0,0.0,0.0,0.0,0.0,0.0,0,0,200,2,16,0.0,0.0,0.0,0.0,228670012.0,0,2022.0,12.0,2021,12,0,0,0,0,0,0,0,0,0,0,0,0,0,0,0,0,0,0,0,0,0,0,0,0,0,0,0,0
M.I.CONFECTION,0.0,0.0,0.0,6920.0,870.0,0.0,0.0,0.0,0.0,0.0,0.0,0,0,50,3,59,0.0,0.0,0.0,0.0,228670012.0,0,2022.0,3.0,2021,9,0,0,0,0,0,0,0,0,0,0,0,0,0,0,0,0,0,0,0,0,0,0,0,0,0,0,0,0
MAE,0.0,0.0,0.0,0.0,161055.0,50000.0,0.0,0.0,0.0,0.0,0.0,0,0,190,5,65,0.0,0.0,0.0,0.0,228670012.0,0,2023.0,9.0,2021,11,0,0,0,0,0,0,0,0,0,0,0,0,0,0,0,0,0,0,0,0,0,0,0,0,0,0,0,0
MAGASIN GENERAL (SMG),50400.0,50400.0,50400.0,951614.64,677185.4400000001,335931.87,0.0,0.0666666666666666,50400.0,50400.0,50400.0,0,1,946,30,20,0.0,1.0,1.0,0.0,228670012.0,1,2023.0,12.0,2021,9,0,0,0,0,0,0,0,0,1,1,1,1,0,0,0,0,0,0,0,0,0,0,0,0,0,1,0,0
MAGRO,0.0,0.0,0.0,32377.4,0.0,0.0,0.0,0.0,0.0,0.0,0.0,0,0,100,3,20,0.0,0.0,0.0,0.0,228670012.0,0,2021.0,11.0,2021,7,0,0,0,0,0,0,0,0,0,0,0,0,0,0,0,0,0,0,0,0,0,0,0,0,0,0,0,0
MANARTHON,0.0,0.0,23980.0,0.0,0.0,23980.0,0.0,0.0,0.0,0.0,0.0,0,1,50,2,74,0.0,0.0,0.0,0.0,228670012.0,0,2023.0,3.0,2023,1,0,0,0,0,1,1,0,0,0,0,0,0,0,0,0,0,0,0,0,0,0,0,0,0,0,0,0,0
MARETAP S.A,0.0,1990.0,0.0,1790.0,36483.0,0.0,0.0,0.1428571428571428,0.0,1990.0,0.0,0,1,100,7,17,0.0,1.0,0.0,0.0,228670006.0,0,2022.0,10.0,2021,12,0,0,0,0,0,0,0,0,0,0,0,0,0,0,1,1,0,0,0,0,0,0,0,0,0,0,0,0
MATEM,0.0,0.0,0.0,0.0,0.0,0.0,0.0,0.0,0.0,0.0,0.0,0,0,50,1,74,0.0,0.0,0.0,0.0,228670012.0,0,2021.0,12.0,2021,11,0,0,0,0,0,0,0,0,0,0,0,0,0,0,0,0,0,0,0,0,0,0,0,0,0,0,0,0
MAZARS BPO,25213.17,29628.89,9262.42,15896.0,0.0,0.0,0.0,0.5714285714285714,25213.17,29628.89,0.0,1,1,141,14,74,2.0,6.0,0.0,1.0,228670012.0,0,2023.0,3.0,2021,7,0,0,1,2,0,0,1,2,1,4,0,0,0,0,0,0,0,0,0,0,0,0,0,0,0,0,0,1
MBM Protection,0.0,0.0,0.0,0.0,60718.0,0.0,0.0,0.0,0.0,0.0,0.0,0,0,20,4,74,0.0,0.0,0.0,0.0,228670012.0,0,2022.0,7.0,2022,2,0,0,0,0,0,0,0,0,0,0,0,0,0,0,0,0,0,0,0,0,0,0,0,0,0,0,0,0
MCS TRAINING FIRST,0.0,0.0,0.0,304.0,800.0,0.0,0.0,0.0,0.0,0.0,0.0,0,0,20,2,74,0.0,0.0,0.0,0.0,228670012.0,0,2022.0,9.0,2021,11,0,0,0,0,0,0,0,0,0,0,0,0,0,0,0,0,0,0,0,0,0,0,0,0,0,0,0,0
MEDDIS DISTRIBUTION,15598.4,28775.5,53301.23,204228.37,467697.8100000001,275000.0,0.0,0.2093023255813953,15598.4,28775.5,15975.3,1,1,250,43,20,2.0,5.0,2.0,1.0,228670012.0,1,2024.0,1.0,2021,7,1,1,0,0,1,1,1,1,1,5,1,1,0,0,0,0,0,0,0,0,0,0,0,0,1,1,0,1
MEDLAR LAWYERS AND LEGAL ADVISORS,0.0,2650.0,0.0,0.0,2650.0,137.0,0.0,21.33333333333333,0.0,2650.0,0.0,0,1,50,3,74,0.0,64.0,0.0,0.0,228670004.0,0,2023.0,2.0,2022,3,0,0,1,1,0,0,0,0,0,0,0,0,0,0,0,0,0,0,0,0,0,0,0,0,0,0,0,0
MEJADA Smart Solution,0.0,129800.0,0.0,0.0,1815976.69,0.0,0.0,0.0,0.0,0.0,0.0,1,1,50,5,55,0.0,0.0,0.0,0.0,228670012.0,0,2022.0,3.0,2021,9,0,0,0,0,0,0,0,0,0,0,0,0,0,0,0,0,0,0,0,0,0,0,0,0,0,0,0,1
MENTOR GRAPHICS,0.0,0.0,0.0,0.0,32455.0,0.0,0.0,0.0,0.0,0.0,0.0,0,0,4408,1,55,0.0,0.0,0.0,0.0,228670012.0,0,2022.0,1.0,2021,12,0,0,0,0,0,0,0,0,0,0,0,0,0,0,0,0,0,0,0,0,0,0,0,0,0,0,0,0
MICROCRED Tunisie,0.0,0.0,289480.48,0.0,0.0,289480.48,0.0,0.0,0.0,0.0,0.0,0,1,161,4,65,0.0,0.0,0.0,0.0,228670012.0,0,2023.0,3.0,2022,9,0,0,0,0,1,1,0,0,0,0,0,0,0,0,0,0,0,0,0,0,0,0,0,0,0,0,0,0
MICRODATA,0.0,0.0,32640.0,0.0,0.0,0.0,0.0,0.0,0.0,0.0,0.0,0,0,100,1,55,0.0,0.0,0.0,0.0,228670012.0,0,2023.0,5.0,2022,11,0,0,0,0,0,0,0,0,0,0,0,0,0,0,0,0,0,0,0,0,0,0,0,0,0,0,0,0
MICROSOFT TUNISIE,0.0,753312.18,13200.0,0.0,0.0,0.0,0.0,0.0,0.0,346854.88,0.0,1,0,2000,47,55,0.0,0.0,0.0,0.0,228670012.0,0,2023.0,3.0,2022,3,0,0,1,47,1,1,0,0,0,0,0,0,0,0,1,1,0,0,0,0,1,1,0,0,1,0,1,1
MONOGROS,39318.96,49801.89,145416.72,195085.88,1027230.13,353344.15,0.0,0.2222222222222222,0.0,0.0,123738.18,1,1,1000,63,20,3.0,7.0,4.0,1.0,228670021.0,1,2023.0,12.0,2021,7,0,0,1,1,1,3,1,1,1,3,1,1,1,2,1,2,1,1,0,0,1,1,0,0,1,1,1,1
MR HALIM BEN YEDDER,0.0,0.0,0.0,0.0,283.0,0.0,0.0,0.0,0.0,0.0,0.0,0,0,10,1,74,0.0,0.0,0.0,0.0,228670012.0,0,2022.0,3.0,2022,3,0,0,0,0,0,0,0,0,0,0,0,0,0,0,0,0,0,0,0,0,0,0,0,0,0,0,0,0
MTC,0.0,133298.53,5209765.36,0.0,704457.15,13024413.4,0.0,0.1818181818181818,0.0,0.0,0.0,1,1,50,11,12,0.0,2.0,0.0,0.0,228670004.0,0,2023.0,4.0,2022,4,0,0,1,2,0,0,0,0,0,0,0,0,0,0,0,0,0,0,0,0,0,0,0,0,0,0,0,1
Maram,0.0,40173.75,45509.96,12089.72,43411.17,47249.58,0.0,0.1764705882352941,0.0,20073.11,11791.06,1,1,50,17,74,0.0,2.0,1.0,0.0,228670012.0,1,2023.0,8.0,2021,9,0,0,0,0,0,0,0,0,1,2,1,1,0,0,0,0,0,0,0,0,0,0,0,0,0,0,0,1
Medis International,0.0,0.0,0.0,0.0,24184.0,0.0,0.0,0.0,0.0,0.0,0.0,0,0,250,2,12,0.0,0.0,0.0,0.0,228670012.0,0,2022.0,12.0,2022,7,0,0,0,0,0,0,0,0,0,0,0,0,0,0,0,0,0,0,0,0,0,0,0,0,0,0,0,0
Meziou Knani & Khlif,6778.07,26968.4,38799.4,21025.7,44453.1,19966.2,0.0,0.34375,6778.07,22474.4,3600.0,1,1,50,32,74,2.0,7.0,2.0,1.0,228670012.0,1,2023.0,5.0,2021,7,0,0,1,3,1,1,1,2,1,4,1,1,0,0,0,0,0,0,0,0,0,0,0,0,1,1,0,1
Middle East Broadcasting Networks,0.0,0.0,0.0,0.0,3416.63,0.0,0.0,0.0,0.0,0.0,0.0,0,0,518,1,4,0.0,0.0,0.0,0.0,228670012.0,0,2022.0,11.0,2022,11,0,0,0,0,0,0,0,0,0,0,0,0,0,0,0,0,0,0,0,0,0,0,0,0,0,0,0,0
Ministère de la Formation Professionnelle et de l'Emploi,25000.0,0.0,2241079.83,50000.0,280000.0,3735133.05,0.0,0.0,0.0,0.0,0.0,1,1,5000,11,11,0.0,0.0,0.0,0.0,228670012.0,0,2023.0,3.0,2021,7,0,0,0,0,1,1,0,0,0,0,0,0,0,0,0,0,0,0,0,0,0,0,0,0,0,0,0,1
Ministère de la Jeunesse et des Sports,0.0,0.0,0.0,0.0,48218.88,43732.72,0.0,0.0,0.0,0.0,0.0,0,0,2000,3,11,0.0,0.0,0.0,0.0,228670012.0,0,2023.0,11.0,2022,3,0,0,0,0,0,0,0,0,0,0,0,0,0,0,0,0,0,0,0,0,0,0,0,0,0,0,0,0
Ministère de la défense,156400.0,0.0,0.0,490161.07,0.0,54800.0,0.0,0.0,0.0,0.0,0.0,0,1,10000,6,11,0.0,0.0,0.0,0.0,228670012.0,0,2023.0,3.0,2021,7,0,0,0,0,0,0,0,0,0,0,0,0,0,0,0,0,0,0,0,0,0,0,0,0,0,0,0,0
Ministère des Domaines de l'état et des affaires Foncières,341278.64,29597.99,0.0,511917.96,29597.99,0.0,0.0,0.1428571428571428,0.0,29597.99,0.0,1,1,2000,7,11,0.0,1.0,0.0,0.0,228670004.0,0,2022.0,6.0,2021,9,0,0,1,1,0,0,0,0,0,0,0,0,0,0,0,0,0,0,0,0,0,0,0,0,0,0,0,1
Ministére de l'intérieur,0.0,0.0,5706000.0,0.0,1855419.68,17118000.0,0.0,0.0,0.0,0.0,0.0,0,1,2173,12,11,0.0,0.0,0.0,0.0,228670012.0,0,2023.0,1.0,2021,7,0,0,0,0,1,2,0,0,0,0,0,0,0,0,0,0,0,0,0,0,0,0,0,0,0,0,0,1
Mondial Confort,0.0,0.0,4000.0,0.0,10513.68,0.0,0.0,0.3333333333333333,0.0,0.0,4000.0,0,1,50,3,74,0.0,1.0,0.0,0.0,228670004.0,0,2023.0,2.0,2022,9,0,0,0,0,1,1,0,0,0,0,0,0,0,0,0,0,0,0,0,0,0,0,0,0,0,0,0,0
Mövenpick Hotel Gammarth,0.0,0.0,0.0,53775.0,12766.4,0.0,0.0,0.0,0.0,0.0,0.0,0,0,100,2,8,0.0,0.0,0.0,0.0,228670012.0,0,2022.0,7.0,2021,10,0,0,0,0,0,0,0,0,0,0,0,0,0,0,0,0,0,0,0,0,0,0,0,0,0,0,0,0
NABDA,0.0,0.0,0.0,1108.0,854.0,0.0,0.0,0.0,0.0,0.0,0.0,0,0,10,2,74,0.0,0.0,0.0,0.0,228670012.0,0,2022.0,12.0,2021,12,0,0,0,0,0,0,0,0,0,0,0,0,0,0,0,0,0,0,0,0,0,0,0,0,0,0,0,0
NAIB BANK,15200.0,300.0,0.0,234650.0,358184.0,800.0,0.0,0.0909090909090909,15200.0,300.0,0.0,1,1,200,11,65,0.0,1.0,0.0,0.0,228670004.0,0,2023.0,3.0,2021,7,0,0,1,1,0,0,0,0,0,0,0,0,0,0,0,0,0,0,0,0,0,0,0,0,0,0,0,1
NCHTECH Consulting,0.0,0.0,0.0,14181.58,84619.4,0.0,0.0,0.0,0.0,0.0,0.0,0,0,20,16,74,0.0,0.0,0.0,0.0,228670012.0,0,2022.0,12.0,2021,9,0,0,0,0,0,0,0,0,0,0,0,0,0,0,0,0,0,0,0,0,0,0,0,0,0,0,0,0
NGTECHNOLOGIE,3757.0,0.0,0.0,3757.0,0.0,0.0,0.0,0.0,0.0,0.0,0.0,0,1,20,2,55,0.0,0.0,0.0,0.0,228670012.0,0,2021.0,11.0,2021,9,0,0,0,0,0,0,0,0,0,0,0,0,0,0,0,0,0,0,0,0,0,0,0,0,0,0,0,0
NSIA,0.0,0.0,0.0,0.0,2817721.77,0.0,0.0,0.0,0.0,0.0,0.0,0,0,112,6,74,0.0,0.0,0.0,0.0,228670012.0,0,2022.0,10.0,2021,9,0,0,0,0,0,0,0,0,0,0,0,0,0,0,0,0,0,0,0,0,0,0,0,0,0,0,0,0
Nexts,0.0,0.0,0.0,0.0,4800.0,0.0,0.0,0.0,0.0,0.0,0.0,0,0,20,1,74,0.0,0.0,0.0,0.0,228670012.0,0,2022.0,5.0,2022,6,0,0,0,0,0,0,0,0,0,0,0,0,0,0,0,0,0,0,0,0,0,0,0,0,0,0,0,0
Noura ARBI,0.0,995.0,0.0,0.0,0.0,0.0,0.0,1.0,0.0,995.0,0.0,0,0,50,1,74,0.0,1.0,0.0,0.0,228670006.0,0,2022.0,11.0,2022,12,0,0,0,0,0,0,0,0,0,0,0,0,0,0,1,1,0,0,0,0,0,0,0,0,0,0,1,0
NouvelAir,0.0,3000.0,2200.0,0.0,27886.33,31808.0,0.0,0.1428571428571428,0.0,3000.0,0.0,1,1,159,7,74,0.0,1.0,0.0,0.0,228670004.0,0,2023.0,11.0,2022,2,0,0,1,1,0,0,0,0,0,0,0,0,0,0,0,0,0,0,0,0,0,0,0,0,0,0,0,1
OACA,0.0,0.0,0.0,0.0,5000.0,0.0,0.0,0.0,0.0,0.0,0.0,0,0,1000,1,74,0.0,0.0,0.0,0.0,228670012.0,0,2022.0,10.0,2022,5,0,0,0,0,0,0,0,0,0,0,0,0,0,0,0,0,0,0,0,0,0,0,0,0,0,0,0,0
OLA ENERGY,0.0,18000.0,0.0,0.0,71450.0,0.0,0.0,0.0,0.0,0.0,0.0,0,1,56,3,17,0.0,0.0,0.0,0.0,228670012.0,0,2022.0,10.0,2022,5,0,0,0,0,0,0,0,0,0,0,0,0,0,0,0,0,0,0,0,0,0,0,0,0,0,0,0,0
OMV,0.0,4800.0,0.0,0.0,362864.0,0.0,0.0,0.0,0.0,0.0,0.0,0,1,50,2,74,0.0,0.0,0.0,0.0,228670012.0,0,2022.0,7.0,2021,10,0,0,0,0,0,0,0,0,0,0,0,0,0,0,0,0,0,0,0,0,0,0,0,0,0,0,0,0
ONM,1950.0,5890.0,38640.0,0.0,236308.68,38640.0,0.0,0.3636363636363636,1950.0,5850.0,0.0,1,1,100,11,59,1.0,3.0,0.0,1.0,228670012.0,0,2023.0,9.0,2021,11,0,0,0,0,0,0,1,1,1,2,0,0,0,0,1,1,0,0,0,0,0,0,0,0,0,0,1,1
OOREDOO,30230.0,0.0,6314866.649999999,1990.0,160000.0,10524777.75,0.0,0.0,20230.0,0.0,0.0,1,1,3084,13,8,0.0,0.0,0.0,0.0,228670012.0,0,2023.0,4.0,2021,9,0,0,0,0,0,0,0,0,0,0,0,0,0,0,0,0,0,0,0,0,0,0,0,0,0,0,0,1
Office de la Marine Marchande et des Ports,0.0,121600.0,0.0,0.0,121600.0,0.0,0.0,0.0,0.0,0.0,0.0,1,1,5000,4,6,0.0,0.0,0.0,0.0,228670012.0,0,2022.0,9.0,2022,1,0,0,0,0,0,0,0,0,0,0,0,0,0,0,0,0,0,0,0,0,0,0,0,0,0,0,0,0
Orange,53201.0,46881.2,65520.15,26471.0,125626.0,286801.0,0.0,0.1612903225806451,25271.0,21481.2,2236.15,0,1,1123,31,8,0.0,4.0,1.0,1.0,228670004.0,1,2023.0,7.0,2021,7,0,0,1,2,1,1,0,0,0,0,0,0,0,0,1,2,0,0,0,0,0,0,0,0,1,0,1,0
P2 ENERGY,0.0,2938.0,0.0,0.0,5276.0,0.0,0.0,0.0,0.0,0.0,0.0,0,0,61,3,17,0.0,0.0,0.0,0.0,228670012.0,0,2022.0,12.0,2022,3,0,0,0,0,0,0,0,0,0,0,0,0,0,0,0,0,0,0,0,0,0,0,0,0,0,0,0,0
PARENIN,0.0,43800.0,0.0,0.0,205257.0,256397.64,0.0,0.0625,0.0,1800.0,0.0,0,0,176,16,59,0.0,1.0,0.0,0.0,228670004.0,0,2023.0,2.0,2022,2,0,0,1,1,0,0,0,0,0,0,0,0,0,0,0,0,0,0,0,0,0,0,0,0,0,0,0,0
PEP,0.0,0.0,0.0,0.0,671.0,0.0,0.0,0.0,0.0,0.0,0.0,0,0,50,1,74,0.0,0.0,0.0,0.0,228670012.0,0,2022.0,3.0,2021,12,0,0,0,0,0,0,0,0,0,0,0,0,0,0,0,0,0,0,0,0,0,0,0,0,0,0,0,0
PGI,0.0,0.0,0.0,39453.42,16871.46,31020.0,0.0,0.0,0.0,0.0,0.0,0,0,600,12,55,0.0,0.0,0.0,0.0,228670012.0,0,2023.0,5.0,2021,7,0,0,0,0,0,0,0,0,0,0,0,0,0,0,0,0,0,0,0,0,0,0,0,0,0,0,0,0
PHPNET France,0.0,0.0,7764.97,0.0,0.0,0.0,0.0,0.0,0.0,0.0,0.0,0,0,50,1,55,0.0,0.0,0.0,0.0,228670012.0,0,2023.0,3.0,2023,3,0,0,0,0,0,0,0,0,0,0,0,0,0,0,0,0,0,0,0,0,0,0,0,0,0,0,0,0
PI Services,45781.1,494425.01,83037.08,0.0,0.0,0.0,0.0,1.0,45781.1,257955.34,83037.08,1,0,200,63,74,4.0,51.0,8.0,1.0,228670005.0,1,2023.0,3.0,2021,11,0,0,0,0,0,0,1,2,1,3,0,0,0,0,0,0,0,0,1,2,1,48,1,8,0,0,0,1
Pepiniere Mabrouka,0.0,1200.0,181040.0,0.0,0.0,181040.0,0.0,0.0,0.0,0.0,0.0,0,0,50,5,59,0.0,0.0,0.0,0.0,228670012.0,0,2023.0,3.0,2022,4,0,0,0,0,0,0,0,0,0,0,0,0,0,0,0,0,0,0,0,0,0,0,0,0,0,0,0,0
Pharmacie Central Tunisie,0.0,201730.5,0.0,0.0,201730.5,0.0,0.0,0.0,0.0,0.0,0.0,0,0,133,2,12,0.0,0.0,0.0,0.0,228670012.0,0,2022.0,11.0,2022,10,0,0,0,0,0,0,0,0,0,0,0,0,0,0,0,0,0,0,0,0,0,0,0,0,0,0,0,0
Plasteel,0.0,7420.0,37520.32,6174.0,18010.0,80502.7,0.0,0.0,0.0,2200.0,0.0,0,1,200,2,59,0.0,0.0,0.0,0.0,228670012.0,0,2023.0,9.0,2021,9,0,0,0,0,0,0,0,0,0,0,0,0,0,0,1,1,0,0,0,0,0,0,0,0,0,0,0,0
Port Yasmine Hamammet,0.0,1200.0,0.0,0.0,6000.0,0.0,0.0,0.0,0.0,0.0,0.0,0,0,50,2,15,0.0,0.0,0.0,0.0,228670012.0,0,2022.0,7.0,2022,4,0,0,0,0,0,0,0,0,0,0,0,0,0,0,0,0,0,0,0,0,0,0,0,0,0,0,0,0
Prologic,0.0,0.0,0.0,0.0,2685.0,0.0,0.0,0.0,0.0,0.0,0.0,0,0,59,1,15,0.0,0.0,0.0,0.0,228670012.0,0,2022.0,4.0,2022,3,0,0,0,0,0,0,0,0,0,0,0,0,0,0,0,0,0,0,0,0,0,0,0,0,0,0,0,0
Proway,0.0,6800.0,45820.0,0.0,0.0,45820.0,0.0,0.0,0.0,0.0,0.0,0,0,50,5,15,0.0,0.0,0.0,0.0,228670012.0,0,2023.0,6.0,2022,4,0,0,0,0,1,2,0,0,0,0,0,0,0,0,0,0,0,0,0,0,0,0,0,0,0,0,0,0
RAISE GUARD,0.0,0.0,0.0,0.0,36238.5,0.0,0.0,0.0,0.0,0.0,0.0,0,0,12,2,55,0.0,0.0,0.0,0.0,228670012.0,0,2022.0,12.0,2022,12,0,0,0,0,0,0,0,0,0,0,0,0,0,0,0,0,0,0,0,0,0,0,0,0,0,0,0,0
RANDA,0.0,0.0,0.0,0.0,0.0,26400.0,0.0,0.0,0.0,0.0,0.0,0,0,500,1,20,0.0,0.0,0.0,0.0,228670012.0,0,2023.0,3.0,2023,2,0,0,0,0,0,0,0,0,0,0,0,0,0,0,0,0,0,0,0,0,0,0,0,0,0,0,0,0
REDMED,0.0,10000.0,0.0,0.0,967781.81,0.0,0.0,0.0,0.0,10000.0,0.0,0,0,16,4,12,0.0,0.0,0.0,0.0,228670012.0,0,2022.0,11.0,2022,2,0,0,1,1,0,0,0,0,0,0,0,0,0,0,0,0,0,0,0,0,0,0,0,0,0,0,0,0
Radio IFM,0.0,0.0,0.0,3950.0,0.0,0.0,0.0,0.0,0.0,0.0,0.0,0,0,50,1,8,0.0,0.0,0.0,0.0,228670012.0,0,2021.0,7.0,2021,7,0,0,0,0,0,0,0,0,0,0,0,0,0,0,0,0,0,0,0,0,0,0,0,0,0,0,0,0
Radio Tunisienne,0.0,0.0,0.0,3000.0,2144.3,0.0,0.0,0.0,0.0,0.0,0.0,0,0,395,2,8,0.0,0.0,0.0,0.0,228670012.0,0,2022.0,5.0,2021,11,0,0,0,0,0,0,0,0,0,0,0,0,0,0,0,0,0,0,0,0,0,0,0,0,0,0,0,0
SAGA,0.0,0.0,0.0,1040.0,1040.0,0.0,0.0,0.0,0.0,0.0,0.0,0,0,10,2,4,0.0,0.0,0.0,0.0,228670012.0,0,2022.0,3.0,2021,9,0,0,0,0,0,0,0,0,0,0,0,0,0,0,0,0,0,0,0,0,0,0,0,0,0,0,0,0
SANCFIS,0.0,0.0,20000.0,0.0,0.0,0.0,0.0,0.0,0.0,0.0,0.0,0,0,20,1,8,0.0,0.0,0.0,0.0,228670012.0,0,2023.0,1.0,2022,11,0,0,0,0,0,0,0,0,0,0,0,0,0,0,0,0,0,0,0,0,0,0,0,0,0,0,0,0
SAROST,0.0,10500.0,9790.0,106454.0,41220.0,46154.0,0.0,0.0,0.0,0.0,0.0,0,0,243,7,6,0.0,0.0,0.0,0.0,228670012.0,0,2023.0,9.0,2021,10,0,0,0,0,0,0,0,0,0,0,0,0,0,0,0,0,0,0,0,0,0,0,0,0,0,0,0,0
SATEM,0.0,0.0,15000.0,0.0,31366.1,60929.3,0.0,0.0,0.0,0.0,0.0,0,1,200,5,20,0.0,0.0,0.0,0.0,228670012.0,0,2023.0,5.0,2021,12,0,0,0,0,0,0,0,0,0,0,0,0,0,0,0,0,0,0,0,0,0,0,0,0,0,0,0,0
SBM,1800.0,0.0,0.0,0.0,17544.82,800.0,0.0,0.0,1800.0,0.0,0.0,0,0,200,5,59,0.0,0.0,0.0,0.0,228670012.0,0,2023.0,2.0,2021,11,1,1,0,0,0,0,0,0,0,0,0,0,0,0,0,0,0,0,0,0,0,0,0,0,0,0,0,0
SCASICOMP,19427.94,12149.7,0.0,0.0,0.0,0.0,0.0,0.0,19427.94,12149.7,0.0,0,0,50,6,74,0.0,0.0,0.0,0.0,228670012.0,0,2022.0,6.0,2021,12,0,0,0,0,0,0,0,0,0,0,0,0,0,0,0,0,0,0,1,1,1,5,0,0,0,0,0,0
SCET TUNISIE,0.0,0.0,0.0,3915.0,16125.6,9431.82,0.0,0.0,0.0,0.0,0.0,0,0,300,6,74,0.0,0.0,0.0,0.0,228670012.0,0,2023.0,3.0,2021,10,0,0,0,0,0,0,0,0,0,0,0,0,0,0,0,0,0,0,0,0,0,0,0,0,0,0,0,0
SCI International,0.0,7590.0,0.0,0.0,7590.0,0.0,0.0,0.0,0.0,0.0,0.0,0,0,7800,2,12,0.0,0.0,0.0,0.0,228670012.0,0,2022.0,10.0,2022,6,0,0,0,0,0,0,0,0,0,0,0,0,0,0,0,0,0,0,0,0,0,0,0,0,0,0,0,0
SCSI,4800.0,28751.76,0.0,4165.0,65357.51999999999,32388.0,0.0,0.0,0.0,0.0,0.0,0,0,50,10,55,0.0,0.0,0.0,0.0,228670012.0,0,2023.0,2.0,2021,7,0,0,0,0,0,0,0,0,0,0,0,0,0,0,0,0,0,0,0,0,0,0,0,0,0,0,0,0
SERINUS BV ENERGY,14705.0,16173.95,3315.25,363518.0,635955.7899999998,133228.16,0.0,0.1076923076923077,12500.0,16173.95,3315.25,0,1,200,65,17,1.0,5.0,1.0,1.0,228670012.0,1,2023.0,3.0,2021,7,0,0,0,0,0,0,1,1,1,5,1,1,0,0,0,0,0,0,0,0,0,0,0,0,0,1,0,1
SETCAR,0.0,350.0,0.0,0.0,15000.0,0.0,0.0,0.0,0.0,0.0,0.0,0,0,1000,2,4,0.0,0.0,0.0,0.0,228670012.0,0,2022.0,11.0,2022,4,0,0,0,0,0,0,0,0,0,0,0,0,0,0,0,0,0,0,0,0,0,0,0,0,0,0,0,0
SHAMS TECHNOLOGY,0.0,0.0,0.0,2202.95,0.0,0.0,0.0,0.0,0.0,0.0,0.0,0,0,20,1,55,0.0,0.0,0.0,0.0,228670012.0,0,2021.0,2.0,2021,9,0,0,0,0,0,0,0,0,0,0,0,0,0,0,0,0,0,0,0,0,0,0,0,0,0,0,0,0
SHconsulting,0.0,0.0,0.0,0.0,20850.0,0.0,0.0,0.0,0.0,0.0,0.0,0,0,50,1,74,0.0,0.0,0.0,0.0,228670012.0,0,2022.0,12.0,2022,5,0,0,0,0,0,0,0,0,0,0,0,0,0,0,0,0,0,0,0,0,0,0,0,0,0,0,0,0
SIAME,0.0,0.0,0.0,0.0,139145.33,0.0,0.0,0.0,0.0,0.0,0.0,0,0,200,4,59,0.0,0.0,0.0,0.0,228670012.0,0,2022.0,12.0,2022,2,0,0,0,0,0,0,0,0,0,0,0,0,0,0,0,0,0,0,0,0,0,0,0,0,0,0,0,0
SICAM,0.0,74507.78,5781.12,0.0,96681.2,1175.0,0.0,0.0,0.0,0.0,0.0,0,1,500,11,59,0.0,0.0,0.0,0.0,228670012.0,0,2023.0,2.0,2021,10,0,0,0,0,0,0,0,0,1,2,0,0,0,0,0,0,0,0,0,0,0,0,0,0,0,0,0,0
SMC,3444.0,0.0,0.0,18891.0,0.0,0.0,0.0,0.0,0.0,0.0,0.0,0,0,50,3,15,0.0,0.0,0.0,0.0,228670012.0,0,2021.0,9.0,2021,7,0,0,0,0,0,0,0,0,0,0,0,0,0,0,0,0,0,0,0,0,0,0,0,0,0,0,0,0
SOCIETE TECH EXPERT SARL,0.0,0.0,0.0,2215.0,4674.6,5199.2,0.0,0.0,0.0,0.0,0.0,0,0,50,3,74,0.0,0.0,0.0,0.0,228670012.0,0,2023.0,3.0,2021,9,0,0,0,0,0,0,0,0,0,0,0,0,0,0,0,0,0,0,0,0,0,0,0,0,0,0,0,0
SODEXO,0.0,9000.0,0.0,0.0,60000.0,0.0,0.0,0.0,0.0,0.0,0.0,0,0,79000,2,74,0.0,0.0,0.0,0.0,228670012.0,0,2022.0,5.0,2022,2,0,0,0,0,0,0,0,0,0,0,0,0,0,0,0,0,0,0,0,0,0,0,0,0,0,0,0,0
SOFIM Algerie,0.0,177559.48,0.0,0.0,0.0,0.0,0.0,0.0,0.0,0.0,0.0,0,0,50,2,74,0.0,0.0,0.0,0.0,228670012.0,0,2022.0,3.0,2022,2,0,0,0,0,0,0,0,0,0,0,0,0,0,0,0,0,0,0,0,0,0,0,0,0,0,0,0,0
SONAR,0.0,84299.8,0.0,0.0,0.0,0.0,0.0,0.0,0.0,0.0,0.0,0,0,50,2,15,0.0,0.0,0.0,0.0,228670012.0,0,2022.0,8.0,2022,5,0,0,0,0,0,0,0,0,0,0,0,0,0,0,0,0,0,0,0,0,0,0,0,0,0,0,0,0
SOPRA  HR Software,1500.0,0.0,0.0,0.0,0.0,0.0,0.0,0.0,0.0,0.0,0.0,0,0,1918,1,55,0.0,0.0,0.0,0.0,228670012.0,0,2021.0,11.0,2021,11,0,0,0,0,0,0,0,0,0,0,0,0,0,0,0,0,0,0,0,0,0,0,0,0,0,0,0,0
SOROUBAT,0.0,0.0,0.0,0.0,972.0,0.0,0.0,0.0,0.0,0.0,0.0,0,0,481,1,59,0.0,0.0,0.0,0.0,228670012.0,0,2022.0,4.0,2022,4,0,0,0,0,0,0,0,0,0,0,0,0,0,0,0,0,0,0,0,0,0,0,0,0,0,0,0,0
SOTACIB,0.0,25800.0,71468.0,0.0,80460.8,139988.0,0.0,0.0,0.0,0.0,0.0,0,1,200,20,59,0.0,0.0,0.0,0.0,228670012.0,0,2023.0,6.0,2022,3,0,0,1,4,0,0,0,0,0,0,0,0,0,0,1,1,0,0,0,0,0,0,0,0,0,0,1,0
SOTACIB Kairouan,0.0,0.0,0.0,0.0,48664.5,7040.0,0.0,0.0,0.0,0.0,0.0,0,0,200,20,59,0.0,0.0,0.0,0.0,228670012.0,0,2023.0,3.0,2022,5,0,0,0,0,0,0,0,0,0,0,0,0,0,0,0,0,0,0,0,0,0,0,0,0,0,0,0,0
SOTEMU,4873.35,8901.2,45152.6,5278.0,13726.2,134297.2,0.0,0.3888888888888889,0.0,0.0,2225.6,0,1,150,18,59,2.0,4.0,1.0,0.0,228670012.0,1,2023.0,6.0,2021,7,0,0,0,0,0,0,1,2,1,4,1,1,0,0,0,0,0,0,0,0,0,0,0,0,0,1,0,0
SOTIPAPIER,0.0,29415.0,0.0,0.0,21962.2,2798.8,0.0,0.1428571428571428,0.0,0.0,0.0,0,1,200,7,59,0.0,1.0,0.0,0.0,228670004.0,0,2023.0,4.0,2021,9,0,0,1,1,0,0,0,0,0,0,0,0,0,0,0,0,0,0,0,0,0,0,0,0,0,0,0,0
SOTUVER,0.0,0.0,0.0,0.0,14184.0,0.0,0.0,0.0,0.0,0.0,0.0,0,0,217,1,59,0.0,0.0,0.0,0.0,228670012.0,0,2022.0,3.0,2021,12,0,0,0,0,0,0,0,0,0,0,0,0,0,0,0,0,0,0,0,0,0,0,0,0,0,0,0,0
SOUTH MEDITERRANEAN UNIVERSITY,0.0,0.0,0.0,18345.2,25255.0,0.0,0.0,0.0,0.0,0.0,0.0,0,0,229,2,16,0.0,0.0,0.0,0.0,228670012.0,0,2022.0,11.0,2021,11,0,0,0,0,0,0,0,0,0,0,0,0,0,0,0,0,0,0,0,0,0,0,0,0,0,0,0,0
SOUTHCOMP DISTRIBUTION TUNISIE - S.D.T,0.0,0.0,0.0,5375.0,0.0,0.0,0.0,0.0,0.0,0.0,0.0,0,0,50,1,20,0.0,0.0,0.0,0.0,228670012.0,0,2021.0,6.0,2021,7,0,0,0,0,0,0,0,0,0,0,0,0,0,0,0,0,0,0,0,0,0,0,0,0,0,0,0,0
SPE,0.0,17180.0,0.0,0.0,8590.0,8300.0,0.0,0.5,0.0,0.0,0.0,0,0,1788,4,17,0.0,2.0,0.0,1.0,228670006.0,0,2023.0,4.0,2021,10,0,0,1,1,0,0,0,0,0,0,0,0,0,0,1,1,0,0,0,0,0,0,0,0,0,0,1,0
SPG,0.0,4200.0,0.0,0.0,0.0,0.0,0.0,0.0,0.0,0.0,0.0,0,0,50,1,55,0.0,0.0,0.0,0.0,228670012.0,0,2022.0,9.0,2022,9,0,0,0,0,0,0,0,0,0,0,0,0,0,0,0,0,0,0,0,0,0,0,0,0,0,0,0,0
SSTC,0.0,29127.58,16513.49,30207.0,51221.7,6316.2,0.0,0.238095238095238,0.0,0.0,4913.49,1,1,250,21,20,0.0,3.0,2.0,1.0,228670012.0,1,2023.0,12.0,2021,7,0,0,1,1,1,1,0,0,1,2,1,1,0,0,0,0,0,0,0,0,0,0,0,0,1,0,0,1
STB,20300.0,40190.63,50000.0,1244966.4,69624.0,890000.0,0.0,0.0625,0.0,0.0,0.0,0,0,3000,16,65,0.0,1.0,0.0,0.0,228670004.0,0,2023.0,10.0,2021,7,0,0,1,1,0,0,0,0,0,0,0,0,0,0,0,0,0,0,0,0,0,0,0,0,0,0,0,0
STB Finance,0.0,0.0,0.0,37870.0,51330.47,9759.0,0.0,0.0,0.0,0.0,0.0,0,0,70,6,65,0.0,0.0,0.0,0.0,228670012.0,0,2023.0,3.0,2021,7,0,0,0,0,0,0,0,0,0,0,0,0,0,0,0,0,0,0,0,0,0,0,0,0,0,0,0,0
STB INVEST,0.0,0.0,0.0,0.0,12875.0,0.0,0.0,0.0,0.0,0.0,0.0,0,0,50,1,65,0.0,0.0,0.0,0.0,228670012.0,0,2022.0,4.0,2022,4,0,0,0,0,0,0,0,0,0,0,0,0,0,0,0,0,0,0,0,0,0,0,0,0,0,0,0,0
STE IOWAVES,0.0,0.0,0.0,297.72,1488.6,1786.32,0.0,0.0,0.0,0.0,0.0,0,0,50,3,59,0.0,0.0,0.0,0.0,228670012.0,0,2023.0,9.0,2021,11,0,0,0,0,0,0,0,0,0,0,0,0,0,0,0,0,0,0,0,0,0,0,0,0,0,0,0,0
STIAL DELICE DANONE,0.0,12264.0,0.0,5974.0,152721.6,403529.7,0.0,0.1818181818181818,0.0,0.0,0.0,0,0,1000,11,59,0.0,2.0,0.0,0.0,228670006.0,0,2023.0,3.0,2021,9,0,0,0,0,0,0,0,0,0,0,0,0,0,0,1,2,0,0,0,0,0,0,0,0,0,0,1,0
STUDI,0.0,0.0,0.0,126400.0,132339.7,0.0,0.0,0.0,0.0,0.0,0.0,0,0,500,4,15,0.0,0.0,0.0,0.0,228670012.0,0,2022.0,12.0,2021,11,0,0,0,0,0,0,0,0,0,0,0,0,0,0,0,0,0,0,0,0,0,0,0,0,0,0,0,0
SUPCOM,0.0,104956.0,0.0,0.0,108340.0,0.0,0.0,0.0,0.0,0.0,0.0,0,0,243,6,16,0.0,0.0,0.0,0.0,228670012.0,0,2022.0,10.0,2022,2,0,0,0,0,0,0,0,0,0,0,0,0,0,0,0,0,0,0,0,0,0,0,0,0,0,0,0,0
SWICORP K.S.A,7846.05,10302.0,0.0,3103.46,28321.05,14831.23,0.0,0.25,0.0,0.0,0.0,0,1,105,8,65,0.0,2.0,0.0,1.0,228670005.0,0,2023.0,3.0,2021,7,0,0,0,0,0,0,1,1,0,0,0,0,0,0,0,0,0,0,0,0,1,1,0,0,0,0,0,0
Saiph,0.0,0.0,0.0,0.0,104436.0,0.0,0.0,0.0,0.0,0.0,0.0,0,0,388,1,12,0.0,0.0,0.0,0.0,228670012.0,0,2022.0,6.0,2022,6,0,0,0,0,0,0,0,0,0,0,0,0,0,0,0,0,0,0,0,0,0,0,0,0,0,0,0,0
Serept,0.0,49680.0,0.0,0.0,0.0,0.0,0.0,0.0,0.0,0.0,0.0,1,0,200,2,17,0.0,0.0,0.0,0.0,228670012.0,0,2022.0,11.0,2022,6,0,0,0,0,0,0,0,0,0,0,0,0,0,0,0,0,0,0,0,0,0,0,0,0,0,0,0,0
Sergaz,0.0,0.0,0.0,0.0,43771.0,0.0,0.0,0.0,0.0,0.0,0.0,0,0,200,2,17,0.0,0.0,0.0,0.0,228670012.0,0,2022.0,12.0,2022,7,0,0,0,0,0,0,0,0,0,0,0,0,0,0,0,0,0,0,0,0,0,0,0,0,0,0,0,0
Shakira Cable,0.0,0.0,0.0,0.0,296.0,23620.0,0.0,0.0,0.0,0.0,0.0,0,0,500,2,59,0.0,0.0,0.0,0.0,228670012.0,0,2023.0,5.0,2022,5,0,0,0,0,0,0,0,0,0,0,0,0,0,0,0,0,0,0,0,0,0,0,0,0,0,0,0,0
Slama groupe,0.0,2200.0,0.0,0.0,0.0,0.0,0.0,0.0,0.0,0.0,0.0,0,0,200,1,59,0.0,0.0,0.0,0.0,228670012.0,0,2022.0,10.0,2022,7,0,0,0,0,0,0,0,0,0,0,0,0,0,0,0,0,0,0,0,0,0,0,0,0,0,0,0,0
Smart Systeme,0.0,0.0,25656.32,0.0,0.0,105656.32,0.0,0.0,0.0,0.0,0.0,0,0,50,4,55,0.0,0.0,0.0,0.0,228670012.0,0,2023.0,4.0,2023,3,0,0,0,0,0,0,0,0,0,0,0,0,0,0,0,0,0,0,0,0,0,0,0,0,0,0,0,0
Smartfarm,0.0,0.0,0.0,0.0,22000.0,0.0,0.0,0.0,0.0,0.0,0.0,0,0,50,2,59,0.0,0.0,0.0,0.0,228670012.0,0,2022.0,9.0,2022,7,0,0,0,0,0,0,0,0,0,0,0,0,0,0,0,0,0,0,0,0,0,0,0,0,0,0,0,0
Société MARAM COMPANY,0.0,0.0,0.0,5706.0,0.0,0.0,0.0,0.0,0.0,0.0,0.0,0,0,50,1,59,0.0,0.0,0.0,0.0,228670012.0,0,2021.0,8.0,2021,7,0,0,0,0,0,0,0,0,0,0,0,0,0,0,0,0,0,0,0,0,0,0,0,0,0,0,0,0
Société Port Enfidha,0.0,0.0,9480.0,0.0,250.0,0.0,0.0,0.0,0.0,0.0,0.0,0,0,100,3,74,0.0,0.0,0.0,0.0,228670012.0,0,2023.0,3.0,2022,12,0,0,0,0,0,0,0,0,0,0,0,0,0,0,0,0,0,0,0,0,0,0,0,0,0,0,0,0
Société nationale de distribution des pétroles,0.0,10000.0,0.0,0.0,50000.0,0.0,0.0,0.0,0.0,0.0,0.0,0,0,5000,2,17,0.0,0.0,0.0,0.0,228670012.0,0,2022.0,4.0,2021,11,0,0,0,0,0,0,0,0,0,0,0,0,0,0,0,0,0,0,0,0,0,0,0,0,0,0,0,0
Sofrecom TUNISIE,17880.0,18160.0,0.0,0.0,350565.0,0.0,0.0,0.0,0.0,0.0,0.0,0,0,1068,11,55,0.0,0.0,0.0,0.0,228670012.0,0,2022.0,11.0,2021,8,0,0,1,3,0,0,0,0,0,0,0,0,0,0,0,0,0,0,0,0,0,0,0,0,0,0,0,0
Sonabel,0.0,0.0,56700.0,0.0,0.0,0.0,0.0,0.0,0.0,0.0,0.0,0,0,50,1,15,0.0,0.0,0.0,0.0,228670012.0,0,2023.0,6.0,2022,12,0,0,0,0,0,0,0,0,0,0,0,0,0,0,0,0,0,0,0,0,0,0,0,0,0,0,0,0
Sotulub,0.0,0.0,0.0,0.0,50000.0,0.0,0.0,0.0,0.0,0.0,0.0,0,0,93,1,59,0.0,0.0,0.0,0.0,228670012.0,0,2022.0,2.0,2021,12,0,0,0,0,0,0,0,0,0,0,0,0,0,0,0,0,0,0,0,0,0,0,0,0,0,0,0,0
Sport Cities International Tunis,0.0,0.0,0.0,1274.0,1337.44,0.0,0.0,0.0,0.0,0.0,0.0,0,0,50,2,8,0.0,0.0,0.0,0.0,228670012.0,0,2022.0,6.0,2021,9,0,0,0,0,0,0,0,0,0,0,0,0,0,0,0,0,0,0,0,0,0,0,0,0,0,0,0,0
Sté LCC,0.0,0.0,0.0,0.0,388.0,0.0,0.0,0.0,0.0,0.0,0.0,0,0,50,1,12,0.0,0.0,0.0,0.0,228670012.0,0,2022.0,3.0,2022,2,0,0,0,0,0,0,0,0,0,0,0,0,0,0,0,0,0,0,0,0,0,0,0,0,0,0,0,0
Sté des Foires Internationales,0.0,0.0,0.0,0.0,397.0,0.0,0.0,0.0,0.0,0.0,0.0,0,0,50,1,74,0.0,0.0,0.0,0.0,228670012.0,0,2022.0,3.0,2022,3,0,0,0,0,0,0,0,0,0,0,0,0,0,0,0,0,0,0,0,0,0,0,0,0,0,0,0,0
Sumiriko,0.0,0.0,0.0,0.0,2635.0,0.0,0.0,0.0,0.0,0.0,0.0,0,0,200,1,4,0.0,0.0,0.0,0.0,228670012.0,0,2022.0,3.0,2021,11,0,0,0,0,0,0,0,0,0,0,0,0,0,0,0,0,0,0,0,0,0,0,0,0,0,0,0,0
THG,0.0,0.0,0.0,0.0,26100.0,0.0,0.0,0.0,0.0,0.0,0.0,0,0,1000,1,12,0.0,0.0,0.0,0.0,228670012.0,0,2022.0,8.0,2022,5,0,0,0,0,0,0,0,0,0,0,0,0,0,0,0,0,0,0,0,0,0,0,0,0,0,0,0,0
TIB- Tunis International Bank-,39800.0,33094.0,98294.0,23020.0,112563.0,294882.0,0.0,0.1666666666666666,0.0,0.0,0.0,0,1,200,12,65,1.0,1.0,0.0,1.0,228670012.0,0,2023.0,3.0,2021,9,0,0,0,0,0,0,1,1,1,1,0,0,0,0,0,0,0,0,0,0,0,0,0,0,0,0,0,0
TIFERT,2360.0,0.0,0.0,0.0,0.0,0.0,0.0,0.0,0.0,0.0,0.0,0,0,500,1,59,0.0,0.0,0.0,0.0,228670012.0,0,2021.0,12.0,2021,11,0,0,0,0,0,0,0,0,0,0,0,0,0,0,0,0,0,0,0,0,0,0,0,0,0,0,0,0
TMI,0.0,3382.5,137496.81,3402.0,0.0,137496.81,0.0,0.3333333333333333,0.0,0.0,0.0,0,0,50,6,55,0.0,2.0,0.0,0.0,228670006.0,0,2023.0,9.0,2021,12,0,0,0,0,0,0,0,0,0,0,0,0,0,0,1,2,0,0,0,0,0,0,0,0,0,0,1,1
TOPIC,3450.0,29038.0,1750.0,1800.0,69998.39,110662.52,0.0,0.3333333333333333,0.0,0.0,1750.0,0,0,200,21,17,1.0,5.0,1.0,1.0,228670012.0,1,2023.0,3.0,2021,7,0,0,1,1,0,0,1,1,1,4,1,1,0,0,0,0,0,0,0,0,0,0,0,0,0,1,0,0
TOPNET,23516.45,24439.52,20238.58,0.0,0.0,0.0,0.0,0.6363636363636364,0.0,0.0,5283.94,0,0,1356,11,8,1.0,5.0,1.0,0.0,228670012.0,1,2023.0,11.0,2021,9,0,0,0,0,0,0,1,1,1,4,1,1,0,0,0,0,0,0,0,0,0,0,0,0,0,0,0,0
TPS,59285.2,0.0,24200.0,59285.2,0.0,74200.0,0.0,0.0,0.0,0.0,0.0,0,0,200,9,59,0.0,0.0,0.0,0.0,228670012.0,0,2023.0,9.0,2021,7,0,0,0,0,0,0,0,0,0,0,0,0,0,0,0,0,0,0,0,0,0,0,0,0,0,0,0,0
TRANSSION HOLDING,0.0,10000.0,0.0,0.0,0.0,0.0,0.0,0.0,0.0,0.0,0.0,0,0,1797,1,8,0.0,0.0,0.0,0.0,228670012.0,0,2022.0,5.0,2022,3,0,0,0,0,0,0,0,0,0,0,0,0,0,0,0,0,0,0,0,0,0,0,0,0,0,0,0,0
TRANSVET,0.0,0.0,0.0,449.0,1920.0,0.0,0.0,0.0,0.0,0.0,0.0,0,0,50,2,55,0.0,0.0,0.0,0.0,228670012.0,0,2022.0,4.0,2021,10,0,0,0,0,0,0,0,0,0,0,0,0,0,0,0,0,0,0,0,0,0,0,0,0,0,0,0,0
TUNINVEST FINANCE GROUP,4983.06,25264.68,26900.0,6325.0,50580.24000000001,32994.43,0.0,0.2352941176470588,0.0,0.0,0.0,0,1,150,17,65,0.0,4.0,0.0,1.0,228670012.0,0,2023.0,6.0,2021,7,0,0,1,2,0,0,0,0,1,2,0,0,0,0,0,0,0,0,0,0,0,0,0,0,0,0,0,0
TUNISIE TELECOM,0.0,300.0,9306.0,21771.0,37021.0,1007206.0,0.0,0.0714285714285714,0.0,0.0,0.0,0,1,5000,14,8,0.0,1.0,0.0,0.0,228670004.0,0,2023.0,9.0,2021,7,0,0,1,1,0,0,0,0,0,0,0,0,0,0,0,0,0,0,0,0,0,0,0,0,0,0,0,0
Topoplus,0.0,0.0,0.0,0.0,3000.0,0.0,0.0,0.0,0.0,0.0,0.0,0,0,50,1,15,0.0,0.0,0.0,0.0,228670012.0,0,2022.0,8.0,2022,5,0,0,0,0,0,0,0,0,0,0,0,0,0,0,0,0,0,0,0,0,0,0,0,0,0,0,0,0
Transnumerik,0.0,15000.0,0.0,0.0,0.0,0.0,0.0,0.0,0.0,0.0,0.0,0,0,50,1,55,0.0,0.0,0.0,0.0,228670012.0,0,2022.0,4.0,2021,9,0,0,0,0,0,0,0,0,0,0,0,0,0,0,0,0,0,0,0,0,0,0,0,0,0,0,0,0
Tunisair,0.0,31220.33,0.0,0.0,117935.66,1500000.0,0.0,0.1666666666666666,0.0,0.0,0.0,0,0,5000,6,15,0.0,1.0,0.0,0.0,228670004.0,0,2023.0,6.0,2021,9,0,0,1,1,0,0,0,0,0,0,0,0,0,0,0,0,0,0,0,0,0,0,0,0,0,0,0,0
Tunisian Saudi Bank - TSB,0.0,27428.7,0.0,0.0,69914.85,136551.72,68275.86,0.4444444444444444,0.0,0.0,0.0,0,0,400,9,65,0.0,4.0,0.0,1.0,228670006.0,0,2024.0,11.0,2021,7,0,0,1,3,0,0,0,0,0,0,0,0,0,0,1,1,0,0,0,0,0,0,0,0,0,0,1,0
Tunisie Autoroute,0.0,0.0,471000.0,0.0,0.0,187000.0,0.0,0.0,0.0,0.0,0.0,0,1,150,5,15,0.0,0.0,0.0,0.0,228670012.0,0,2023.0,6.0,2022,8,0,0,0,0,0,0,0,0,0,0,0,0,0,0,0,0,0,0,0,0,0,0,0,0,0,0,0,0
Tunisie Place Marché S.A,11986.04,20000.0,0.0,11986.04,20000.0,0.0,0.0,0.5,0.0,0.0,0.0,0,1,50,4,4,1.0,1.0,0.0,0.0,228670012.0,0,2022.0,9.0,2021,12,0,0,0,0,0,0,1,1,1,1,0,0,0,0,0,0,0,0,0,0,0,0,0,0,0,0,0,0
Tyna soft,0.0,0.0,0.0,0.0,6139.0,0.0,0.0,0.0,0.0,0.0,0.0,0,0,150,1,55,0.0,0.0,0.0,0.0,228670012.0,0,2022.0,3.0,2022,2,0,0,0,0,0,0,0,0,0,0,0,0,0,0,0,0,0,0,0,0,0,0,0,0,0,0,0,0
UAB IRDT,0.0,9000.0,9000.0,0.0,0.0,0.0,0.0,0.5,0.0,0.0,0.0,0,0,100,2,15,0.0,1.0,0.0,0.0,228670012.0,0,2023.0,4.0,2022,7,0,0,0,0,0,0,0,0,1,1,0,0,0,0,0,0,0,0,0,0,0,0,0,0,0,0,0,0
UAB VIE,0.0,4725.0,0.0,0.0,25800.0,1600.0,0.0,0.25,0.0,0.0,0.0,0,0,200,4,65,0.0,1.0,0.0,0.0,228670005.0,0,2023.0,3.0,2022,3,0,0,0,0,0,0,0,0,0,0,0,0,0,0,0,0,0,0,0,0,1,1,0,0,0,0,0,0
UBCI,60000.0,132074.5,72650.0,1486427.6,3735342.18,1280000.0,0.0,0.2962962962962963,0.0,0.0,8400.0,0,1,10000,27,65,1.0,6.0,1.0,1.0,228670004.0,1,2023.0,7.0,2021,7,1,1,1,2,1,1,0,0,1,1,0,0,0,0,0,0,0,0,0,0,1,3,0,0,1,1,0,0
UIB,0.0,20700.0,0.0,0.0,0.0,0.0,0.0,0.0,0.0,0.0,0.0,0,0,1000,2,65,0.0,0.0,0.0,0.0,228670012.0,0,2022.0,11.0,2022,6,0,0,0,0,0,0,0,0,0,0,0,0,0,0,0,0,0,0,0,0,0,0,0,0,0,0,0,0
UMANLINK,0.0,0.0,0.0,0.0,0.0,55143.1,0.0,0.0,0.0,0.0,0.0,0,0,500,2,15,0.0,0.0,0.0,0.0,228670012.0,0,2023.0,3.0,2022,10,0,0,0,0,0,0,0,0,0,0,0,0,0,0,0,0,0,0,0,0,0,0,0,0,0,0,0,0
UNIFACTOR,0.0,7900.6,3950.0,30241.88,107260.2,57872.7,0.0,0.2142857142857142,0.0,7900.6,3950.0,0,1,50,14,15,0.0,2.0,1.0,0.0,228670012.0,1,2023.0,6.0,2021,7,0,0,0,0,0,0,0,0,1,2,1,1,0,0,0,0,0,0,0,0,0,0,0,0,0,1,0,0
UNIMED,0.0,27090.0,665153.0,6726.0,263517.0,2665916.0,0.0,0.1071428571428571,0.0,12900.0,13674.0,0,1,500,28,12,0.0,2.0,1.0,0.0,228670012.0,1,2023.0,6.0,2021,9,0,0,0,0,0,0,0,0,1,2,1,1,0,0,0,0,0,0,0,0,0,0,0,0,0,1,0,0
URS Federal Service International,0.0,1237422.27,415807.0,0.0,1239992.69,718807.96,0.0,0.2105263157894736,0.0,86249.45,0.0,0,1,50,19,15,0.0,4.0,0.0,1.0,228670006.0,0,2023.0,4.0,2022,2,0,0,0,0,0,0,0,0,0,0,0,0,0,0,1,2,0,0,0,0,1,3,1,2,0,0,1,0
UTIC,0.0,0.0,0.0,5525.0,0.0,0.0,0.0,0.0,0.0,0.0,0.0,0,0,483,1,20,0.0,0.0,0.0,0.0,228670012.0,0,2021.0,11.0,2021,7,0,0,0,0,0,0,0,0,0,0,0,0,0,0,0,0,0,0,0,0,0,0,0,0,0,0,0,0
Union Financière,0.0,0.0,0.0,0.0,25529.18,0.0,0.0,0.0,0.0,0.0,0.0,0,0,50,1,65,0.0,0.0,0.0,0.0,228670012.0,0,2022.0,5.0,2022,5,0,0,0,0,0,0,0,0,0,0,0,0,0,0,0,0,0,0,0,0,0,0,0,0,0,0,0,0
Université central,0.0,3000.0,9800.0,0.0,49530.24,0.0,0.0,0.0,0.0,0.0,0.0,0,0,500,3,16,0.0,0.0,0.0,0.0,228670012.0,0,2023.0,3.0,2022,3,0,0,0,0,1,1,0,0,0,0,0,0,0,0,0,0,0,0,0,0,0,0,0,0,0,0,0,0
VITALAIT,0.0,17200.0,0.0,29936.0,0.0,76640.0,0.0,0.2,0.0,5400.0,0.0,0,0,1000,5,59,0.0,1.0,0.0,0.0,228670006.0,0,2023.0,6.0,2021,11,0,0,0,0,0,0,0,0,0,0,0,0,0,0,1,1,0,0,0,0,0,0,0,0,0,0,1,0
VIVO ENERGY Tunisie,0.0,0.0,0.0,27000.0,0.0,0.0,0.0,0.0,0.0,0.0,0.0,0,0,50,1,59,0.0,0.0,0.0,0.0,228670012.0,0,2021.0,10.0,2021,8,0,0,0,0,0,0,0,0,0,0,0,0,0,0,0,0,0,0,0,0,0,0,0,0,0,0,0,0
Valorflakes,0.0,0.0,0.0,0.0,21979.42,6280.4,0.0,0.0,0.0,0.0,0.0,0,0,50,6,59,0.0,0.0,0.0,0.0,228670012.0,0,2023.0,3.0,2022,3,0,0,0,0,0,0,0,0,0,0,0,0,0,0,0,0,0,0,0,0,0,0,0,0,0,0,0,0
Valpaint,0.0,0.0,0.0,14838.0,0.0,0.0,0.0,0.0,0.0,0.0,0.0,0,0,50,1,59,0.0,0.0,0.0,0.0,228670012.0,0,2021.0,6.0,2021,9,0,0,0,0,0,0,0,0,0,0,0,0,0,0,0,0,0,0,0,0,0,0,0,0,0,0,0,0
Vectorys,0.0,0.0,0.0,0.0,0.0,413053.13,0.0,0.0,0.0,0.0,0.0,0,0,460,9,6,0.0,0.0,0.0,0.0,228670012.0,0,2023.0,3.0,2023,2,0,0,0,0,0,0,0,0,0,0,0,0,0,0,0,0,0,0,0,0,0,0,0,0,0,0,0,0
WIC,14900.0,23900.0,0.0,96494.56,68850.0,45909.64,0.0,0.1153846153846153,14900.0,23900.0,0.0,0,0,1000,26,59,0.0,3.0,0.0,0.0,228670012.0,0,2023.0,6.0,2021,7,0,0,0,0,0,0,0,0,1,3,0,0,0,0,0,0,0,0,0,0,0,0,0,0,0,1,0,0
WIFAK BANK,4463.18,317581.36,338730.0,303447.69,1467099.0,452748.82,0.0,0.2727272727272727,4463.18,18119.36,4730.0,0,1,500,22,65,1.0,4.0,1.0,0.0,228670012.0,1,2023.0,6.0,2021,7,0,0,0,0,1,1,1,1,1,4,1,1,0,0,0,0,0,0,0,0,0,0,0,0,1,1,0,0
World Freight Service,8452.0,58283.6,0.0,8238.0,76097.0,138461.6,0.0,0.2580645161290322,8452.0,54764.6,0.0,0,1,50,31,6,0.0,8.0,0.0,1.0,228670012.0,0,2023.0,3.0,2021,7,0,0,1,3,0,0,0,0,1,5,0,0,0,0,0,0,0,0,0,0,0,0,0,0,0,0,0,0
Xtensus,0.0,0.0,0.0,0.0,28795.2,0.0,0.0,0.0,0.0,0.0,0.0,0,0,50,1,55,0.0,0.0,0.0,0.0,228670012.0,0,2022.0,11.0,2022,6,0,0,0,0,0,0,0,0,0,0,0,0,0,0,0,0,0,0,0,0,0,0,0,0,0,0,0,0
ZITOUNA TAKAFUL,3685.0,32955.8,251748.64,30435.0,459370.0,190000.0,0.0,0.3571428571428571,3685.0,0.0,9562.16,0,1,157,28,65,1.0,7.0,2.0,1.0,228670012.0,1,2023.0,10.0,2021,9,0,0,1,3,1,1,1,1,1,4,1,1,0,0,0,0,0,0,0,0,0,0,0,0,1,1,0,0
ZITOUNA TAMKEEN,0.0,0.0,0.0,95144.0,0.0,8728.0,0.0,0.0,0.0,0.0,0.0,0,0,238,2,65,0.0,0.0,0.0,0.0,228670012.0,0,2023.0,5.0,2021,8,0,0,0,0,0,0,0,0,0,0,0,0,0,0,0,0,0,0,0,0,0,0,0,0,0,0,0,0
ZODIAC EQUIPEMENTS TUNISIE,0.0,0.0,0.0,1792.0,26259.0,0.0,0.0,0.0,0.0,0.0,0.0,0,0,250,3,59,0.0,0.0,0.0,0.0,228670012.0,0,2022.0,7.0,2021,11,0,0,0,0,0,0,0,0,0,0,0,0,0,0,0,0,0,0,0,0,0,0,0,0,0,0,0,0
Zitouna Capital,7866.0,7738.0,0.0,21447.92,6531.5,4202.5,0.0,0.0666666666666666,7300.0,7738.0,0.0,0,1,30,15,65,0.0,1.0,0.0,0.0,228670012.0,0,2023.0,2.0,2021,7,0,0,0,0,0,0,0,0,1,1,0,0,0,0,0,0,0,0,0,0,0,0,0,0,0,0,0,0
carrefour,0.0,6000.0,5600.0,0.0,0.0,0.0,0.0,0.6666666666666666,0.0,6000.0,0.0,0,0,5000,3,20,0.0,2.0,0.0,0.0,228670004.0,0,2023.0,3.0,2022,3,0,0,1,2,0,0,0,0,0,0,0,0,0,0,0,0,0,0,0,0,0,0,0,0,0,0,1,0
centre d'etudes et de recherches des télécommunications,0.0,0.0,0.0,0.0,200000.0,0.0,0.0,0.0,0.0,0.0,0.0,0,0,200,1,55,0.0,0.0,0.0,0.0,228670012.0,0,2022.0,8.0,2022,7,0,0,0,0,0,0,0,0,0,0,0,0,0,0,0,0,0,0,0,0,0,0,0,0,0,0,0,0
iset MAhdia,0.0,56000.0,0.0,0.0,565000.0,0.0,0.0,0.0,0.0,0.0,0.0,0,1,150,4,16,0.0,0.0,0.0,0.0,228670012.0,0,2022.0,12.0,2022,2,0,0,0,0,0,0,0,0,0,0,0,0,0,0,0,0,0,0,0,0,0,0,0,0,0,0,0,0
keystone,0.0,14700.0,0.0,0.0,10000.0,0.0,0.0,0.0,0.0,0.0,0.0,0,1,37,4,74,0.0,0.0,0.0,0.0,228670012.0,0,2022.0,2.0,2021,11,0,0,0,0,0,0,0,0,0,0,0,0,0,0,0,0,0,0,0,0,0,0,0,0,0,0,0,0
lsat Nokia,0.0,0.0,0.0,0.0,127109.0,12000.0,0.0,0.0,0.0,0.0,0.0,0,0,100,5,74,0.0,0.0,0.0,0.0,228670012.0,0,2023.0,6.0,2021,9,0,0,0,0,0,0,0,0,0,0,0,0,0,0,0,0,0,0,0,0,0,0,0,0,0,0,0,0
polebizerte,0.0,0.0,0.0,3232.0,3456.0,0.0,0.0,0.0,0.0,0.0,0.0,0,0,100,2,55,0.0,0.0,0.0,0.0,228670012.0,0,2022.0,12.0,2021,12,0,0,0,0,0,0,0,0,0,0,0,0,0,0,0,0,0,0,0,0,0,0,0,0,0,0,0,0
sagemcom,0.0,0.0,21000.0,0.0,0.0,0.0,0.0,0.0,0.0,0.0,0.0,0,0,4470,2,8,0.0,0.0,0.0,0.0,228670012.0,0,2023.0,3.0,2022,11,0,0,0,0,0,0,0,0,0,0,0,0,0,0,0,0,0,0,0,0,0,0,0,0,0,0,0,0
universite virtuelle de tunis,0.0,0.0,0.0,0.0,289000.0,0.0,0.0,0.0,0.0,0.0,0.0,0,0,106,1,16,0.0,0.0,0.0,0.0,228670012.0,0,2022.0,5.0,2021,11,0,0,0,0,0,0,0,0,0,0,0,0,0,0,0,0,0,0,0,0,0,0,0,0,0,0,0,0
vectorys,0.0,18760.0,0.0,0.0,100000.0,0.0,0.0,0.0,0.0,0.0,0.0,0,0,458,9,6,0.0,0.0,0.0,0.0,228670012.0,0,2022.0,8.0,2022,1,0,0,0,0,0,0,0,0,0,0,0,0,0,0,0,0,0,0,0,0,0,0,0,0,0,0,0,0
vernicolor,0.0,8280.0,0.0,0.0,0.0,0.0,0.0,0.0,0.0,0.0,0.0,0,0,100,3,59,0.0,0.0,0.0,0.0,228670012.0,0,2022.0,5.0,2021,10,0,0,0,0,0,0,0,0,0,0,0,0,0,0,0,0,0,0,0,0,0,0,0,0,0,0,0,0
zitouna finance,4380.0,4642.8,0.0,0.0,3152.0,3815.0,0.0,0.1666666666666666,4380.0,4642.8,0.0,0,0,10,6,65,0.0,1.0,0.0,0.0,228670012.0,0,2023.0,3.0,2021,8,0,0,0,0,0,0,0,0,1,1,0,0,0,0,0,0,0,0,0,0,0,0,0,0,0,0,0,0
École nationale d'administration,0.0,0.0,0.0,0.0,15000.0,0.0,0.0,0.0,0.0,0.0,0.0,0,0,100,1,16,0.0,0.0,0.0,0.0,228670012.0,0,2022.0,3.0,2021,11,0,0,0,0,0,0,0,0,0,0,0,0,0,0,0,0,0,0,0,0,0,0,0,0,0,0,0,0
